timestamp,voltage,current,power,energy,prediction,status
2026-09-25 09:55:53.090287,230.99342830602245,2.930867849414408,677.0112124481332,0.0001880586701244,1,NORMAL
2026-09-25 09:55:54.090287,231.2953770762014,3.761514928204013,870.0210136967078,0.0002416725038046,1,NORMAL
2026-09-25 09:55:55.090287,229.53169325055333,2.8829315215254097,661.7241536611214,0.0001838122649058,1,NORMAL
2026-09-25 09:55:56.090287,233.1584256310148,3.3837173645764542,788.9422135049725,0.0002191506148624,1,NORMAL
2026-09-25 09:55:57.090287,229.06105122813008,3.2712800217929825,749.3228406534809,0.0002081452335148,1,NORMAL
2026-09-25 09:55:58.090287,229.0731646143751,2.767135123214872,633.8763995904194,0.000176076777664,1,NORMAL
2026-09-25 09:55:59.090287,230.48392454313208,2.043359877671101,470.9616038596096,0.0001308226677387,1,NORMAL
2026-09-25 09:56:00.090287,226.55016433497397,2.718856235379514,615.9573269283975,0.0001710992574801,1,NORMAL
2026-09-25 09:56:01.090287,227.97433775933115,3.157123666297637,719.7431770485153,0.0001999286602912,1,NORMAL
2026-09-25 09:56:02.090287,228.1839518489576,2.293848149332354,523.4193356560744,0.0001453942599044,1,NORMAL
2026-09-25 09:56:03.090287,232.9312975378431,2.887111849756732,672.4987093007179,0.0001868051970279,1,NORMAL
2026-09-25 09:56:04.090287,230.13505640937584,2.287625906893272,526.4629171264327,0.0001462396992017,1,NORMAL
2026-09-25 09:56:05.090287,228.91123455094964,3.055461294854933,699.4294171278859,0.0001942859492021,1,NORMAL
2026-09-25 09:56:06.090287,227.6980128451554,3.187849009172836,725.8668846390523,0.0002016296901775,1,NORMAL
2026-09-25 09:56:07.090287,228.7987226201624,2.8541531251033616,653.0265891859937,0.0001813962747738,1,NORMAL
2026-09-25 09:56:08.090287,228.7965867755412,3.926139092254469,898.2872235138442,0.0002495242287538,1,NORMAL
2026-09-25 09:56:09.090287,229.9730055505241,2.4711445355220496,568.2965359837597,0.0001578601488843,1,NORMAL
2026-09-25 09:56:10.090287,231.6450898242064,2.389578175014489,553.5340509931943,0.0001537594586092,1,NORMAL
2026-09-25 09:56:11.090287,230.41772719000951,2.020164938060112,465.48181357675736,0.0001293005037713,1,NORMAL
2026-09-25 09:56:12.090287,227.34362790220317,3.0984306179345618,704.4084574845084,0.0001956690159679,1,NORMAL
2026-09-25 09:56:13.090287,231.4769331599908,3.085684140594985,714.264701565349,0.0001984068615459,1,NORMAL
2026-09-25 09:56:14.090287,229.76870343522356,2.849448152205356,654.7140074381181,0.0001818650020661,1,NORMAL
2026-09-25 09:56:15.090287,227.04295601926515,2.6400778958026456,599.4110895841542,0.00016650308044,1,NORMAL
2026-09-25 09:56:16.090287,229.0787224580804,3.5285611131094576,808.3182719063767,0.0002245328533073,1,NORMAL
2026-09-25 09:56:17.090287,230.6872365791369,2.118479922318633,488.70627902807007,0.0001357517441744,1,NORMAL
2026-09-25 09:56:18.090287,230.6481679387896,2.8074588597918417,647.5352425745115,0.0001798709007151,1,NORMAL
2026-09-25 09:56:19.090287,228.64615599938807,3.305838144420434,755.8671840778821,0.0002099631066883,1,NORMAL
2026-09-25 09:56:20.090287,232.0619990449919,3.4656400595580994,804.2433601914573,0.0002234009333865,1,NORMAL
2026-09-25 09:56:21.090287,228.3215649535547,2.8453938120743927,649.6647680819862,0.0001804624355783,1,NORMAL
2026-09-25 09:56:22.090287,230.66252686280717,3.48777256356118,804.4984326337923,0.0002234717868427,1,NORMAL
2026-09-25 09:56:23.090287,229.04165152430943,2.9071705116680917,665.8631352552313,0.0001849619820153,1,NORMAL
2026-09-25 09:56:24.090287,227.78733005198796,2.4018966879596646,547.1216336110448,0.0001519782315586,1,NORMAL
2026-09-25 09:56:25.090287,231.6250516447884,3.6781200142854114,851.9447382645882,0.0002366513161846,1,NORMAL
2026-09-25 09:56:26.090287,229.85597975683933,3.501766448946012,804.9019580021137,0.0002235838772228,1,NORMAL
2026-09-25 09:56:27.090287,230.7232720500953,2.677440122697438,617.7477458269614,0.000171596596063,1,NORMAL
2026-09-25 09:56:28.090287,230.72279121101684,3.7690182832329846,869.598418432869,0.0002415551162313,1,NORMAL
2026-09-25 09:56:29.090287,229.9283479217801,3.782321827907003,869.6630091991447,0.0002415730581108,1,NORMAL
2026-09-25 09:56:30.090287,224.7605097918205,3.410951252187612,766.6471423167362,0.0002129575395324,1,NORMAL
2026-09-25 09:56:31.090287,230.1740941364764,2.8504963247670663,656.1104093926145,0.0001822528914979,1,NORMAL
2026-09-25 09:56:32.090287,230.18352155307105,2.006215542699554,461.7977586130888,0.0001282771551703,1,NORMAL
2026-09-25 09:56:33.090287,229.560656224325,3.178556285755873,729.6714668040713,0.0002026865185566,1,NORMAL
2026-09-25 09:56:34.090287,232.95578808948304,2.7408648908631763,638.5003406978261,0.0001773612057493,1,NORMAL
2026-09-25 09:56:35.090287,228.3830127942136,2.749121478207732,627.8526457303639,0.0001744035127028,1,NORMAL
2026-09-25 09:56:36.090287,231.83080423540412,3.1643755548298422,733.5997297790556,0.0002037777027164,1,NORMAL
2026-09-25 09:56:37.090287,228.94047959246592,3.256633716556678,745.5752849254806,0.0002071042458126,1,NORMAL
2026-09-25 09:56:38.090287,230.1941550986961,3.4843224952664444,802.0706728892396,0.0002227974091358,1,NORMAL
2026-09-25 09:56:39.090287,228.5958938122453,2.836168926701116,648.3365708017581,0.0001800934918893,1,NORMAL
2026-09-25 09:56:40.090287,229.2157836937357,2.2682425259339407,519.9169881894068,0.0001444213856081,1,NORMAL
2026-09-25 09:56:41.090287,230.59224055412915,3.130527636089945,721.8753817226018,0.0002005209393673,1,NORMAL
2026-09-25 09:56:42.090287,230.01022691328487,2.8827064333124266,663.0519608505775,0.0001841811002362,1,NORMAL
2026-09-25 09:56:43.090287,227.1692585158992,2.7896773386173206,633.7289325123037,0.0001760358145867,1,NORMAL
2026-09-25 09:56:44.090287,229.3145709669465,2.5988613653891903,595.9567790067948,0.0001655435497241,1,NORMAL
2026-09-25 09:56:45.090287,229.677428576668,3.202025428407269,735.4329666336853,0.000204286935176,1,NORMAL
2026-09-25 09:56:46.090287,233.77237180242105,3.08728890641592,721.7228500921523,0.00020047856947,1,NORMAL
2026-09-25 09:56:47.090287,230.51510078144557,2.962777042116916,682.964848456534,0.0001897124579045,1,NORMAL
2026-09-25 09:56:48.090287,226.1624575694019,2.986743062275392,675.4891510925638,0.0001876358753034,1,NORMAL
2026-09-25 09:56:49.090287,230.12046041988205,4.231621056242643,973.7825857850246,0.000270495162718,-1,ANOMALY
2026-09-25 09:56:50.090287,229.61527807043777,3.150773671166806,723.4657726419803,0.0002009627146227,1,NORMAL
2026-09-25 09:56:51.090287,229.93057646058952,2.415660981190234,555.4343219384237,0.0001542873116495,1,NORMAL
2026-09-25 09:56:52.090287,232.28564562903003,3.375966516343387,784.1885618708111,0.0002178301560752,1,NORMAL
2026-09-25 09:56:53.090287,231.5820638940861,2.5453062726026303,589.4472798518805,0.0001637353555144,1,NORMAL
2026-09-25 09:56:54.090287,232.8055886218722,2.29907446860386,535.2373849488396,0.0001486770513746,1,NORMAL
2026-09-25 09:56:55.090287,231.17371418760052,4.095227812904989,946.7090239536104,0.000262974728876,-1,ANOMALY
2026-09-25 09:56:56.090287,228.01892734973865,2.716851135198614,619.4934816169077,0.0001720815226713,1,NORMAL
2026-09-25 09:56:57.090287,230.19930273017528,2.7482621729419003,632.6480359309419,0.0001757355655363,1,NORMAL
2026-09-25 09:56:58.090287,226.89867313786772,3.034281487403013,688.4744434185395,0.0001912429009495,1,NORMAL
2026-09-25 09:56:59.090287,227.87539257254775,3.236796215317591,737.5862082428329,0.0002048850578452,1,NORMAL
2026-09-25 09:57:00.090287,228.1611515315324,3.77496720250877,861.3008639181684,0.0002392502399772,1,NORMAL
2026-09-25 09:57:01.090287,228.43349341532752,2.8389692418971624,648.5156616252328,0.0001801432393403,1,NORMAL
2026-09-25 09:57:02.090287,231.62703443473933,2.3845678417830225,552.3303776006481,0.000153425104889,1,NORMAL
2026-09-25 09:57:03.090287,230.45491986920825,3.653571377141214,841.9834989555113,0.0002338843052654,1,NORMAL
2026-09-25 09:57:04.090287,226.78503353087757,3.0923169292661523,701.2911984917246,0.0001948031106921,1,NORMAL
2026-09-25 09:57:05.090287,230.51976558849685,3.390911435888655,781.672109332406,0.0002171311414812,1,NORMAL
2026-09-25 09:57:06.090287,227.52609857824385,2.3397716934578616,532.3591249762779,0.0001478775347156,1,NORMAL
2026-09-25 09:57:07.090287,231.0438831312338,3.148492336616593,727.4398954608293,0.000202066637628,1,NORMAL
2026-09-25 09:57:08.090287,230.50098570069176,3.173224104748488,731.4312839937216,0.0002031753566649,1,NORMAL
2026-09-25 09:57:09.090287,228.63995055684305,3.116126848580502,712.471088588297,0.0001979086357189,1,NORMAL
2026-09-25 09:57:10.090287,230.58614494659736,2.642824290986816,609.3986650298743,0.0001692774069527,1,NORMAL
2026-09-25 09:57:11.090287,233.7315490222895,3.2369164604558938,756.5694983581026,0.0002101581939883,1,NORMAL
2026-09-25 09:57:12.090287,227.6173930055947,3.328276804316915,757.573689399608,0.0002104371359443,1,NORMAL
2026-09-25 09:57:13.090287,228.05063665954532,3.393542301871226,773.8994824728321,0.0002149720784646,1,NORMAL
2026-09-25 09:57:14.090287,232.3171911580148,2.5896588408241445,601.6222679577859,0.0001671172966549,1,NORMAL
2026-09-25 09:57:15.090287,231.92675225848865,3.206390463468249,743.6477266647812,0.0002065688129624,1,NORMAL
2026-09-25 09:57:16.090287,231.64412031998896,3.9483964913269736,914.6228319079678,0.0002540618977522,1,NORMAL
2026-09-25 09:57:17.090287,229.50922376799423,2.6231319178212558,602.0329703002064,0.0001672313806389,1,NORMAL
2026-09-25 09:57:18.090287,228.22097114074896,2.5920948575172806,591.5704056715351,0.0001643251126865,1,NORMAL
2026-09-25 09:57:19.090287,229.84579658117175,3.170575987408322,728.7435634470011,0.0002024287676241,1,NORMAL
2026-09-25 09:57:20.090287,230.55338159866,3.413591624518012,787.015092429491,0.0002186153034526,1,NORMAL
2026-09-25 09:57:21.090287,230.0260037837558,3.726767038578658,857.2533289172709,0.0002381259246992,1,NORMAL
2026-09-25 09:57:22.090287,229.4706863335241,4.360084583294809,1000.5116018008772,0.0002779198893891,-1,ANOMALY
2026-09-25 09:57:23.090287,231.25133469553,2.5714212217918586,594.6445896037778,0.0001651790526677,1,NORMAL
2026-09-25 09:57:24.090287,227.85821500387777,3.2412362076215926,738.5422966745942,0.0002051506379651,1,NORMAL
2026-09-25 09:57:25.090287,229.5530744293483,3.357000247046046,770.6097275695016,0.0002140582576581,1,NORMAL
2026-09-25 09:57:26.090287,230.94647524914708,2.9635855436715635,684.4296354102748,0.0001901193431695,1,NORMAL
2026-09-25 09:57:27.090287,228.3064125638632,2.242576387657068,511.9945699664125,0.0001422207138795,1,NORMAL
2026-09-25 09:57:28.090287,229.106970095866,3.428199397161736,785.4243767681996,0.0002181734379911,1,NORMAL
2026-09-25 09:57:29.090287,230.4281874882604,2.3771306106440058,547.75789803356,0.0001521549716759,1,NORMAL
2026-09-25 09:57:30.090287,230.3463618517024,3.1926586898644183,735.4173138444913,0.000204282587179,1,NORMAL
2026-09-25 09:57:31.090287,228.2322851275977,3.076862552972764,702.239371488508,0.0001950664920801,1,NORMAL
2026-09-25 09:57:32.090287,230.116417436892,2.4285148510846883,558.8411372238958,0.0001552336492288,1,NORMAL
2026-09-25 09:57:33.090287,230.71557472069657,3.280392263184117,756.83758630985,0.0002102326628638,1,NORMAL
2026-09-25 09:57:34.090287,232.16610248635052,3.526901026017452,818.8268650655825,0.0002274519069626,1,NORMAL
2026-09-25 09:57:35.090287,227.2446612640858,2.5310874800424386,575.1761170320125,0.00015977114362,1,NORMAL
2026-09-25 09:57:36.090287,231.0300705344173,3.2568929754561045,752.4402138426722,0.0002090111705118,1,NORMAL
2026-09-25 09:57:37.090287,231.0300953726121,4.92636574532736,1138.1387479833493,0.0003161496522175,-1,ANOMALY
2026-09-25 09:57:38.090287,231.14178102138632,3.5677828200902995,824.6636753331761,0.0002290732431481,1,NORMAL
2026-09-25 09:57:39.090287,231.9080035269864,3.325695625652899,771.2554328835957,0.0002142376202454,1,NORMAL
2026-09-25 09:57:40.090287,229.3694615107193,3.379484610246634,775.1505652360335,0.0002153196014544,1,NORMAL
2026-09-25 09:57:41.090287,228.45434957092485,2.881590696629996,658.3119283282339,0.0001828644245356,1,NORMAL
2026-09-25 09:57:42.090287,229.02927290434175,3.040937069693161,696.4636060196844,0.0001934621127832,1,NORMAL
2026-09-25 09:57:43.090287,234.62931713334703,2.0663674037041257,484.8303728777062,0.0001346751035771,-1,ANOMALY
2026-09-25 09:57:44.090287,231.37252038074905,2.193642064405174,507.54849325465455,0.0001409856925707,1,NORMAL
2026-09-25 09:57:45.090287,229.05613626842117,3.544475298483683,811.8838169695312,0.0002255232824915,1,NORMAL
2026-09-25 09:57:46.090287,230.12856003819093,2.461127611035347,566.3757531977973,0.0001573265981104,1,NORMAL
2026-09-25 09:57:47.090287,228.5693925814801,3.3397988744673377,763.3758000813101,0.0002120488333559,1,NORMAL
2026-09-25 09:57:48.090287,228.5392667365657,3.1082292947909878,710.3524438806451,0.0001973201233001,1,NORMAL
2026-09-25 09:57:49.090287,230.09114367980763,2.6741998261970914,615.3096964380316,0.0001709193601216,1,NORMAL
2026-09-25 09:57:50.090287,234.28788817865063,3.3169595111590056,777.1234390435328,0.0002158676219565,1,NORMAL
2026-09-25 09:57:51.090287,225.9497148266848,3.093227157384714,698.9137941052329,0.0001941427205847,1,NORMAL
2026-09-25 09:57:52.090287,228.67642707046323,3.426216667398112,783.49498586987,0.0002176374960749,1,NORMAL
2026-09-25 09:57:53.090287,228.4149585231346,2.9426317792665504,672.1411158100269,0.0001867058655027,1,NORMAL
2026-09-25 09:57:54.090287,231.0099745579609,3.432877597085061,793.0289663632138,0.0002202858239897,1,NORMAL
2026-09-25 09:57:55.090287,227.59940718588845,2.832749382079526,644.7320800674919,0.0001790922444631,1,NORMAL
2026-09-25 09:57:56.090287,229.0501093776781,2.673335383713144,612.3277620427127,0.0001700910450118,1,NORMAL
2026-09-25 09:57:57.090287,233.5309084805622,3.2024908554804776,747.8805988810487,0.0002077446108002,1,NORMAL
2026-09-25 09:57:58.090287,227.47823209132991,3.458930973527388,786.8315027839529,0.0002185643063288,1,NORMAL
2026-09-25 09:57:59.090287,234.2443123940253,3.516232630275573,823.6574946963366,0.0002287937485267,1,NORMAL
2026-09-25 09:58:00.090287,226.961260068092,2.7578829635668742,625.9325925314615,0.000173870164592,1,NORMAL
2026-09-25 09:58:01.090287,232.53382229837325,2.646165267190609,615.3229240130286,0.000170923034448,1,NORMAL
2026-09-25 09:58:02.090287,230.88763885629243,3.387317026714668,782.0896303558667,0.0002172471195432,1,NORMAL
2026-09-25 09:58:03.090287,228.14613905684385,2.9702373219691,677.6481770897897,0.0001882356047471,1,NORMAL
2026-09-25 09:58:04.090287,223.51746531986183,2.487806179332855,556.0681314115695,0.0001544633698365,-1,ANOMALY
2026-09-25 09:58:05.090287,229.49486369721367,2.3761084090175757,545.3046754572916,0.0001514735209603,1,NORMAL
2026-09-25 09:58:06.090287,233.26482260786327,2.284929311019684,532.9936304065137,0.000148053786224,1,NORMAL
2026-09-25 09:58:07.090287,229.119911026606,3.0653702886430456,702.3373677974962,0.000195093713277,1,NORMAL
2026-09-25 09:58:08.090287,232.88254657813224,2.2820689244102805,531.4540225834853,0.0001476261173843,1,NORMAL
2026-09-25 09:58:09.090287,232.32632750430992,3.005116530509793,698.1676872558338,0.0001939354686821,1,NORMAL
2026-09-25 09:58:10.090287,228.0369826979041,3.231051737131635,736.7992890763197,0.0002046664691878,1,NORMAL
2026-09-25 09:58:11.090287,230.3981193911469,2.6998915614206025,622.0499383113341,0.0001727916495309,1,NORMAL
2026-09-25 09:58:12.090287,230.13960416998003,2.80734320156912,646.0808531784018,0.0001794669036606,1,NORMAL
2026-09-25 09:58:13.090287,230.2270346905025,3.3310653372605232,766.9012949578089,0.0002130281374882,1,NORMAL
2026-09-25 09:58:14.090287,233.1720336322907,2.3810922505865757,555.2041223353597,0.0001542233673153,1,NORMAL
2026-09-25 09:58:15.090287,234.26606674931253,2.023956100238749,474.14423487620905,0.00013170673191,-1,ANOMALY
2026-09-25 09:58:16.090287,229.69642980992884,3.2941586032422885,756.6564703924156,0.0002101823528867,1,NORMAL
2026-09-25 09:58:17.090287,230.56198373547008,2.688650240089703,619.9005329259298,0.0001721945924794,1,NORMAL
2026-09-25 09:58:18.090287,229.58375549928545,2.753499532670584,632.15876347604,0.0001755996565211,1,NORMAL
2026-09-25 09:58:19.090287,228.8212704861116,3.4248010485105125,783.6673270823426,0.0002176853686339,1,NORMAL
2026-09-25 09:58:20.090287,230.7140309719301,2.653545202369673,612.2101100049332,0.0001700583638902,1,NORMAL
2026-09-25 09:58:21.090287,231.7991997508665,3.1536497604383045,731.0134907641109,0.00020305930299,1,NORMAL
2026-09-25 09:58:22.090287,231.62572423767796,3.314814420961806,767.7962909687773,0.0002132767474913,1,NORMAL
2026-09-25 09:58:23.090287,228.34200997815583,2.7199094799015158,621.0695975993525,0.0001725193326664,1,NORMAL
2026-09-25 09:58:24.090287,231.4945872102465,3.3051851327167325,765.1324679517039,0.0002125367966532,1,NORMAL
2026-09-25 09:58:25.090287,229.9581968120717,3.058663691654391,703.3647871873982,0.000195379107552,1,NORMAL
2026-09-25 09:58:26.090287,232.55532979157684,2.704214305582085,628.8794496617417,0.0001746887360171,1,NORMAL
2026-09-25 09:58:27.090287,231.09419476234007,2.898903673783053,669.919810186484,0.0001860888361629,1,NORMAL
2026-09-25 09:58:28.090287,229.5646375935456,3.549388425993595,814.8140676919448,0.0002263372410255,1,NORMAL
2026-09-25 09:58:29.090287,231.65083269797609,3.4067548180003198,789.1775903876159,0.0002192159973298,1,NORMAL
2026-09-25 09:58:30.090287,232.61095761430863,3.01050192081638,700.2757347008137,0.0001945210374168,1,NORMAL
2026-09-25 09:58:31.090287,231.36390594258992,2.844866621703272,658.1994534829694,0.000182833181523,1,NORMAL
2026-09-25 09:58:32.090287,230.6483327049769,2.934928472816157,676.9363588634109,0.000188037877462,1,NORMAL
2026-09-25 09:58:33.090287,230.19399192998543,3.2975785127184567,759.0827615452058,0.0002108563226514,1,NORMAL
2026-09-25 09:58:34.090287,228.36355863353305,4.04619363784273,924.0031780581268,0.0002566675494605,1,NORMAL
2026-09-25 09:58:35.090287,227.9879652370006,2.392905693606134,545.5537000892961,0.0001515426944692,1,NORMAL
2026-09-25 09:58:36.090287,232.31622174700013,3.395831346981468,788.9067082207608,0.0002191407522835,1,NORMAL
2026-09-25 09:58:37.090287,231.24823963410432,3.31417275463214,766.3966153519928,0.0002128879487088,1,NORMAL
2026-09-25 09:58:38.090287,229.97550645430616,2.551372814257084,586.7532551125214,0.000162987015309,1,NORMAL
2026-09-25 09:58:39.090287,230.15160911638745,2.6614191442439443,612.5298985809027,0.0001701471940502,1,NORMAL
2026-09-25 09:58:40.090287,231.9502394668355,2.9264713092489307,678.7957209731131,0.0001885543669369,1,NORMAL
2026-09-25 09:58:41.090287,228.34900560641495,2.839307079173503,648.352948140524,0.0001800980411501,1,NORMAL
2026-09-25 09:58:42.090287,230.82586290855124,2.7181377235980126,627.4164855537964,0.0001742823570982,1,NORMAL
2026-09-25 09:58:43.090287,228.35555920886716,3.121843605745956,712.8903423527439,0.0001980250950979,1,NORMAL
2026-09-25 09:58:44.090287,230.48993314221744,2.746528412314435,633.0471501275548,0.0001758464305909,1,NORMAL
2026-09-25 09:58:45.090287,229.05792338876336,3.116024968678818,713.7502085531064,0.0001982639468203,1,NORMAL
2026-09-25 09:58:46.090287,227.10383131700536,2.296268112811722,521.4912861506116,0.0001448586905973,1,NORMAL
2026-09-25 09:58:47.090287,228.56311155749512,2.8932764241440765,661.2962620983132,0.0001836934061384,1,NORMAL
2026-09-25 09:58:48.090287,230.621815131196,3.737678108474776,861.9901097525882,0.0002394416971534,1,NORMAL
2026-09-25 09:58:49.090287,231.71531924640405,2.9200307350182864,676.6158539740741,0.0001879488483261,1,NORMAL
2026-09-25 09:58:50.090287,229.9619675841946,2.498735317681096,574.6140901260624,0.000159615025035,1,NORMAL
2026-09-25 09:58:51.090287,229.9629737280152,2.855670680539931,656.6985216848675,0.0001824162560235,1,NORMAL
2026-09-25 09:58:52.090287,230.64543712067615,2.5863845282238387,596.5377900743412,0.0001657049416873,1,NORMAL
2026-09-25 09:58:53.090287,231.0386930284824,3.766369456501289,870.1770766924532,0.0002417158546367,1,NORMAL
2026-09-25 09:58:54.090287,229.7824797030863,3.2008558610494706,735.5005969241048,0.0002043057213678,1,NORMAL
2026-09-25 09:58:55.090287,231.38028798342225,2.7993897640570817,647.723609785372,0.0001799232249403,1,NORMAL
2026-09-25 09:58:56.090287,230.44818496362083,3.006296200390897,692.7955028431121,0.0001924431952341,1,NORMAL
2026-09-25 09:58:57.090287,230.1953521970977,2.6134951080722666,601.6144268680872,0.0001671151185744,1,NORMAL
2026-09-25 09:58:58.090287,230.0490203485179,3.248999145622725,747.4290705636795,0.0002076191862676,1,NORMAL
2026-09-25 09:58:59.090287,232.9022872155901,3.4796354130426037,810.4150463739868,0.0002251152906594,1,NORMAL
2026-09-25 09:59:00.090287,234.30636491502312,2.616326218555975,613.0218857017188,0.0001702838571393,1,NORMAL
2026-09-25 09:59:01.090287,231.74464127344132,3.091671002869176,716.4781874954178,0.0001990217187487,1,NORMAL
2026-09-25 09:59:02.090287,234.37960586643536,2.595850857322424,608.4145008272781,0.0001690040280075,1,NORMAL
2026-09-25 09:59:03.090287,228.32055631563844,2.700303677277989,616.5348378172747,0.0001712596771714,1,NORMAL
2026-09-25 09:59:04.090287,225.7522085513804,2.7371224891596198,617.9114470034358,0.000171642068612,1,NORMAL
2026-09-25 09:59:05.090287,228.4817346768926,3.075196893238104,702.626320640033,0.0001951739779555,1,NORMAL
2026-09-25 09:59:06.090287,230.68351195155432,3.938085419607943,908.4513749603708,0.0002523476041556,1,NORMAL
2026-09-25 09:59:07.090287,231.9008476763721,2.7115481721687984,628.8103196412617,0.0001746695332336,1,NORMAL
2026-09-25 09:59:08.090287,228.20317065730327,3.245959585753253,740.738269294359,0.0002057606303595,1,NORMAL
2026-09-25 09:59:09.090287,227.35953358595876,3.915729382927177,890.2784061511569,0.0002472995572642,1,NORMAL
2026-09-25 09:59:10.090287,232.35888024144256,2.765412173947648,642.5680761445288,0.0001784911322623,1,NORMAL
2026-09-25 09:59:11.090287,226.57373094181824,3.676936187082706,833.0971503423121,0.000231415875095,1,NORMAL
2026-09-25 09:59:12.090287,229.7709203094948,3.618908155986731,831.5198575166078,0.000230977738199,1,NORMAL
2026-09-25 09:59:13.090287,226.81114468241125,15.281877483254636,3466.10012487335,0.0009628055902425,-1,ANOMALY
2026-09-25 09:59:14.090287,230.5187786179994,3.1511741451658213,726.4048151562434,0.0002017791153211,1,NORMAL
2026-09-25 09:59:15.090287,233.0324666458678,3.156229240548974,735.5038852249414,0.0002043066347847,1,NORMAL
2026-09-25 09:59:16.090287,229.37395258356716,2.2004382637312587,504.7232219681605,0.0001402008949911,1,NORMAL
2026-09-25 09:59:17.090287,227.26281976891627,3.2677459049876023,742.6371486558116,0.0002062880968488,1,NORMAL
2026-09-25 09:59:18.090287,232.12089362822093,3.770685498459091,875.2548874932979,0.000243126357637,1,NORMAL
2026-09-25 09:59:19.090287,228.34421384216856,2.8480677822845366,650.339798714971,0.0001806499440874,1,NORMAL
2026-09-25 09:59:20.090287,230.48466737216623,4.023699460565119,927.4010317739162,0.0002576113977149,1,NORMAL
2026-09-25 09:59:21.090287,230.2297229364278,3.7756314273664855,869.2625774326553,0.0002414618270646,1,NORMAL
2026-09-25 09:59:22.090287,230.3399458058146,3.576622593214228,823.8390542888174,0.0002288441817468,1,NORMAL
2026-09-25 09:59:23.090287,232.05315969310416,3.083044066254076,715.4301170473342,0.0001987305880687,1,NORMAL
2026-09-25 09:59:24.090287,227.95923350547568,2.8654527810355246,653.2064196109918,0.0001814462276697,1,NORMAL
2026-09-25 09:59:25.090287,232.97809034776893,3.438912584240057,801.1912867491596,0.000222553135208,1,NORMAL
2026-09-25 09:59:26.090287,229.1326993464563,2.8288456806878,648.1810468505593,0.0001800502907918,1,NORMAL
2026-09-25 09:59:27.090287,226.53825379246888,3.7221693959909055,843.2137552875483,0.0002342260431354,1,NORMAL
2026-09-25 09:59:28.090287,231.7721271204923,2.9314610894790736,679.4309722795207,0.0001887308256332,1,NORMAL
2026-09-25 09:59:29.090287,230.40026883834685,1.914567085934795,441.1167713084271,0.0001225324364745,1,NORMAL
2026-09-25 09:59:30.090287,229.0265710079145,3.667222820432068,839.8914676855295,0.0002333031854682,1,NORMAL
2026-09-25 09:59:31.090287,231.96309475346013,3.165350278531966,734.2444465870019,0.0002039567907186,1,NORMAL
2026-09-25 09:59:32.090287,229.9705634827301,3.3982027148481637,781.4865931621754,0.0002170796092117,1,NORMAL
2026-09-25 09:59:33.090287,229.43722978689783,2.167653401902496,497.3403916706538,0.0001381501087974,1,NORMAL
2026-09-25 09:59:34.090287,229.98760172065224,3.2015596635427888,736.3190287837843,0.000204533063551,1,NORMAL
2026-09-25 09:59:35.090287,232.24535536959604,2.2794021197520005,529.3805553320138,0.0001470501542588,1,NORMAL
2026-09-25 09:59:36.090287,229.75417738689708,2.9623481726224385,680.6118675344462,0.0001890588520929,1,NORMAL
2026-09-25 09:59:37.090287,227.79749619030576,3.243836637461647,738.9378640641438,0.0002052605177955,1,NORMAL
2026-09-25 09:59:38.090287,231.4947360632236,2.8546538459844784,660.837338628043,0.0001835659273966,1,NORMAL
2026-09-25 09:59:39.090287,234.11018521724296,2.8403199962331707,664.9478403943864,0.0001847077334428,1,NORMAL
2026-09-25 09:59:40.090287,229.10663305861863,2.7621643260156987,632.8301686880855,0.0001757861579689,1,NORMAL
2026-09-25 09:59:41.090287,228.369001853423,2.720487253383072,621.2749586100524,0.0001725763773916,1,NORMAL
2026-09-25 09:59:42.090287,227.13182226153492,2.9042335880433536,659.643867125443,0.0001832344075348,1,NORMAL
2026-09-25 09:59:43.090287,230.1149480060486,1.858598754979601,427.69135586623753,0.0001188031544072,1,NORMAL
2026-09-25 09:59:44.090287,229.79610097504028,3.021067040870965,694.2294267763504,0.0001928415074378,1,NORMAL
2026-09-25 09:59:45.090287,231.02917798138108,3.6023175362879125,832.2404592365103,0.0002311779053434,1,NORMAL
2026-09-25 09:59:46.090287,231.70270852920103,2.689818138732224,623.2381481952306,0.000173121707832,1,NORMAL
2026-09-25 09:59:47.090287,228.5271756554847,3.289752200774927,751.7977790495091,0.0002088327164026,1,NORMAL
2026-09-25 09:59:48.090287,228.90544032732492,2.385972990438188,546.1621979853577,0.0001517117216625,1,NORMAL
2026-09-25 09:59:49.090287,234.7482834868012,2.8446378676914037,667.7738565821112,0.0001854927379394,1,NORMAL
2026-09-25 09:59:50.090287,228.7469516346229,1.9039349718790104,435.5193209278752,0.0001209775891466,-1,ANOMALY
2026-09-25 09:59:51.090287,231.70280418475767,2.5060320771017293,580.6546596414235,0.0001612929610115,1,NORMAL
2026-09-25 09:59:52.090287,230.05724111913565,3.4843115781522105,801.5911088691591,0.000222664196908,1,NORMAL
2026-09-25 09:59:53.090287,228.05546290455183,3.0397412259087693,693.2295923846743,0.0001925637756624,1,NORMAL
2026-09-25 09:59:54.090287,233.0475748203876,1.7716264715682604,412.8732526865834,0.0001146870146351,-1,ANOMALY
2026-09-25 09:59:55.090287,228.37898830604155,2.5477290581064644,581.8477847682585,0.0001616243846578,1,NORMAL
2026-09-25 09:59:56.090287,229.6261897548792,2.976104561313231,683.3915507264735,0.0001898309863129,1,NORMAL
2026-09-25 09:59:57.090287,227.8774747341068,2.6728133269434924,609.0739513795496,0.0001691872087165,1,NORMAL
2026-09-25 09:59:58.090287,228.45355005909437,2.8246053774135653,645.291125986137,0.0001792475349961,1,NORMAL
2026-09-25 09:59:59.090287,230.4364454650622,3.45528206118554,796.2229162587895,0.0002211730322941,1,NORMAL
2026-09-25 10:00:00.090287,232.11066199309283,3.3268171306676617,772.1897265292325,0.0002144971462581,1,NORMAL
2026-09-25 10:00:01.090287,228.2520517610298,2.9983520398363237,684.3800049945097,0.0001901055569429,1,NORMAL
2026-09-25 10:00:02.090287,234.7486588069848,3.507266346343649,823.3260708830453,0.0002287016863564,-1,ANOMALY
2026-09-25 10:00:03.090287,229.11899088225292,3.79101909148189,868.594468655686,0.0002412762412932,1,NORMAL
2026-09-25 10:00:04.090287,229.2238616204052,2.665799015848366,611.0647447166381,0.0001697402068657,1,NORMAL
2026-09-25 10:00:05.090287,232.79146387185716,2.345175354994051,545.9368039252673,0.0001516491122014,1,NORMAL
2026-09-25 10:00:06.090287,226.17244483946328,3.4706422890302377,784.9636516732,0.0002180454587981,1,NORMAL
2026-09-25 10:00:07.090287,230.0553818632324,3.063682739268578,704.8167024902266,0.0001957824173583,1,NORMAL
2026-09-25 10:00:08.090287,229.27715432114604,2.880753316307971,660.4909226642959,0.00018346970074,1,NORMAL
2026-09-25 10:00:09.090287,229.08378019433724,2.6870035348728,615.5489271642077,0.0001709858131011,1,NORMAL
2026-09-25 10:00:10.090287,229.23617955526248,2.79327438059115,640.3195474563074,0.00017786654096,1,NORMAL
2026-09-25 10:00:11.090287,228.3428324579625,2.727415400334078,622.7857578017512,0.0001729960438338,1,NORMAL
2026-09-25 10:00:12.090287,224.9944809566756,3.342321100777584,752.0038012599971,0.0002088899447944,1,NORMAL
2026-09-25 10:00:13.090287,230.7805065379663,2.957545583752084,682.543867927431,0.0001895955188687,1,NORMAL
2026-09-25 10:00:14.090287,230.4746487695195,3.136788701569314,722.9502742583848,0.0002008195206273,1,NORMAL
2026-09-25 10:00:15.090287,228.5519964067914,2.7337098488897977,624.7948435606713,0.0001735541232112,1,NORMAL
2026-09-25 10:00:16.090287,231.0566332192608,3.103751742579568,717.1424279888487,0.0001992062299969,1,NORMAL
2026-09-25 10:00:17.090287,234.0866409793646,3.809806077718656,891.8247075159281,0.000247729085421,1,NORMAL
2026-09-25 10:00:18.090287,231.8660242807767,2.6191325421360903,607.2878496094992,0.0001686910693359,1,NORMAL
2026-09-25 10:00:19.090287,228.8708859934609,2.498976638185633,571.9429972585061,0.000158873054794,1,NORMAL
2026-09-25 10:00:20.090287,230.5595146995734,1.6295225777701492,375.70193472268346,0.000104361648534,-1,ANOMALY
2026-09-25 10:00:21.090287,229.082761446114,2.8466418003390914,652.1165644696166,0.0001811434901304,1,NORMAL
2026-09-25 10:00:22.090287,226.95141893366,3.3988681572893173,771.3779510652449,0.0002142716530736,1,NORMAL
2026-09-25 10:00:23.090287,227.72171654282025,3.1338713328516308,713.6505593413093,0.0001982362664836,1,NORMAL
2026-09-25 10:00:24.090287,235.5675548469781,2.194497195022389,516.9523383499763,0.0001435978717638,-1,ANOMALY
2026-09-25 10:00:25.090287,229.7028971899859,2.7962699311823678,642.3113045178322,0.0001784198068105,1,NORMAL
2026-09-25 10:00:26.090287,228.79606264220723,3.38012554731768,773.359416462621,0.0002148220601285,1,NORMAL
2026-09-25 10:00:27.090287,232.2126582096569,3.385819074650668,786.2300475415924,0.0002183972354282,1,NORMAL
2026-09-25 10:00:28.090287,228.55332183509756,4.216924039201208,963.7919970857132,0.0002677199991904,-1,ANOMALY
2026-09-25 10:00:29.090287,226.4595136233162,2.4836854654828526,562.4542025065465,0.000156237278474,1,NORMAL
2026-09-25 10:00:30.090287,230.33945856878077,3.044696959572825,701.3138491740174,0.0001948094025483,1,NORMAL
2026-09-25 10:00:31.090287,230.9760881587575,3.790067047537601,875.4148604996467,0.0002431707945832,1,NORMAL
2026-09-25 10:00:32.090287,229.7602981612688,3.0568647301064904,702.3461518279337,0.0001950961532855,1,NORMAL
2026-09-25 10:00:33.090287,228.8109678945515,3.294164259230321,753.740912558128,0.0002093724757105,1,NORMAL
2026-09-25 10:00:34.090287,229.36304297869933,2.8404714894668284,651.4991843183502,0.0001809719956439,1,NORMAL
2026-09-25 10:00:35.090287,231.08696630592755,3.5174604635402997,812.8392676205694,0.0002257886854501,1,NORMAL
2026-09-25 10:00:36.090287,225.58378689665224,3.1803892123367143,717.444242324177,0.0001992900673122,1,NORMAL
2026-09-25 10:00:37.090287,229.4595933626449,3.4738084688307045,797.0986786776056,0.0002214162996326,1,NORMAL
2026-09-25 10:00:38.090287,229.49975479785095,3.6505262165811496,837.7948715885005,0.0002327207976634,1,NORMAL
2026-09-25 10:00:39.090287,228.64717395903196,1.884835046187056,430.96220668961166,0.0001197117240804,-1,ANOMALY
2026-09-25 10:00:40.090287,232.10318608134327,2.5782275188772648,598.4148215740099,0.0001662263393261,1,NORMAL
2026-09-25 10:00:41.090287,226.83949612651296,3.0080267093219653,682.3392630776874,0.0001895386841882,1,NORMAL
2026-09-25 10:00:42.090287,229.5216426679397,3.411552487872504,783.0251310643933,0.0002175069808512,1,NORMAL
2026-09-25 10:00:43.090287,231.7848216396304,3.047810222944696,706.4361489166787,0.0001962322635879,1,NORMAL
2026-09-25 10:00:44.090287,228.23036811616404,3.143470630612149,717.4354591869611,0.0001992876275519,1,NORMAL
2026-09-25 10:00:45.090287,230.3303887602412,3.284468337234821,756.5128689859991,0.0002101424636072,1,NORMAL
2026-09-25 10:00:46.090287,228.2503865725106,2.799813563416224,639.0585281807114,0.0001775162578279,1,NORMAL
2026-09-25 10:00:47.090287,231.01875623267225,3.623663527615862,837.1342411555139,0.0002325372892098,1,NORMAL
2026-09-25 10:00:48.090287,231.9318440159192,3.0410274355763987,705.311100836236,0.0001959197502322,1,NORMAL
2026-09-25 10:00:49.090287,229.0252099521577,3.201910279339653,733.3181739737358,0.0002036994927704,1,NORMAL
2026-09-25 10:00:50.090287,227.81721912541303,2.591499280369553,590.3881594193008,0.0001639967109498,1,NORMAL
2026-09-25 10:00:51.090287,233.01954262491924,3.201017240023461,745.8995732047482,0.0002071943258902,1,NORMAL
2026-09-25 10:00:52.090287,229.3049465324541,3.4145693422926344,782.9776404657695,0.0002174937890182,1,NORMAL
2026-09-25 10:00:53.090287,232.5739499276992,2.77768122087718,646.0162931793996,0.0001794489703276,1,NORMAL
2026-09-25 10:00:54.090287,229.14518411510105,2.723677113326497,624.1174936032871,0.0001733659704453,1,NORMAL
2026-09-25 10:00:55.090287,231.92770063743072,3.486778723760062,808.6805720331863,0.0002246334922314,1,NORMAL
2026-09-25 10:00:56.090287,232.7718066425822,3.504301474924418,815.7025853384222,0.0002265840514828,1,NORMAL
2026-09-25 10:00:57.090287,226.73556384114292,3.1404821604591,712.0589933847448,0.000197794164829,1,NORMAL
2026-09-25 10:00:58.090287,227.8832291943059,2.7435428125142924,625.2073955485852,0.0001736687209857,1,NORMAL
2026-09-25 10:00:59.090287,230.34118840716167,3.417782699174952,787.2561286453954,0.000218682257957,1,NORMAL
2026-09-25 10:01:00.090287,228.21831331509784,1.8376401692737996,419.3831399117374,0.0001164953166421,-1,ANOMALY
2026-09-25 10:01:01.090287,230.36106168361087,4.321785791699275,995.5711633449898,0.0002765475453736,-1,ANOMALY
2026-09-25 10:01:02.090287,229.5943075606597,3.023457717475129,694.168681082635,0.000192824633634,1,NORMAL
2026-09-25 10:01:03.090287,233.56432723707212,3.2951373095308942,769.6265288543593,0.0002137851469039,1,NORMAL
2026-09-25 10:01:04.090287,230.43372207396587,3.2210583326567366,742.2404606114543,0.0002061779057254,1,NORMAL
2026-09-25 10:01:05.090287,230.5004878651473,2.4301227859216468,560.1444877271505,0.0001555956910353,1,NORMAL
2026-09-25 10:01:06.090287,227.3171096844006,3.9434140560621183,896.4054855128796,0.0002490015237535,1,NORMAL
2026-09-25 10:01:07.090287,230.3677667038103,3.0500477212898494,702.6326818935883,0.0001951757449704,1,NORMAL
2026-09-25 10:01:08.090287,229.8195446718876,3.3905366338082263,779.211585375161,0.0002164476626042,1,NORMAL
2026-09-25 10:01:09.090287,235.07738220347497,3.2619763335538967,766.8168573015394,0.0002130046825837,1,NORMAL
2026-09-25 10:01:10.090287,228.8238263473709,2.933299571054228,671.2088316717302,0.0001864468976865,1,NORMAL
2026-09-25 10:01:11.090287,232.1419929344105,2.7085996992935013,628.7797322555384,0.0001746610367376,1,NORMAL
2026-09-25 10:01:12.090287,231.70449297806053,1.8396313130109347,426.2508406477624,0.000118403011291,-1,ANOMALY
2026-09-25 10:01:13.090287,229.5402408571072,3.3140700067403346,760.7124275644913,0.0002113090076568,1,NORMAL
2026-09-25 10:01:14.090287,232.54025109315145,2.5907628914788043,602.4566533073001,0.0001673490703631,1,NORMAL
2026-09-25 10:01:15.090287,226.9944699647388,2.8696324175540906,651.3906896163228,0.0001809418582267,1,NORMAL
2026-09-25 10:01:16.090287,227.74916198450623,2.925481666635235,666.2759979772114,0.0001850766661047,1,NORMAL
2026-09-25 10:01:17.090287,229.98669309073756,2.3404274773990275,538.2671759456991,0.0001495186599849,1,NORMAL
2026-09-25 10:01:18.090287,231.60887822022173,2.9213930533177743,676.6205679192781,0.0001879501577553,1,NORMAL
2026-09-25 10:01:19.090287,232.1609197380107,2.077547379851953,482.3253105057237,0.0001339792529182,1,NORMAL
2026-09-25 10:01:20.090287,227.96561565890923,3.258334654324061,742.7882654957438,0.0002063300737488,1,NORMAL
2026-09-25 10:01:21.090287,228.40177885834947,2.917732170975152,666.4152180829585,0.0001851153383563,1,NORMAL
2026-09-25 10:01:22.090287,230.00139823511435,3.079127990476684,708.2037431545152,0.0001967232619873,1,NORMAL
2026-09-25 10:01:23.090287,228.64486757453255,3.074643281736239,703.0014059915086,0.0001952781683309,1,NORMAL
2026-09-25 10:01:24.090287,228.43491258953105,3.337140234373388,762.3193377380919,0.0002117553715939,1,NORMAL
2026-09-25 10:01:25.090287,229.77031196103397,3.077518311797759,707.1223425675656,0.0001964228729354,1,NORMAL
2026-09-25 10:01:26.090287,235.13985367938068,2.4464477726999894,575.2573713069222,0.0001597937142519,-1,ANOMALY
2026-09-25 10:01:27.090287,232.77716453808057,1.6703243214753136,388.8133594120168,0.0001080037109477,-1,ANOMALY
2026-09-25 10:01:28.090287,225.8432466901621,2.3796799611562145,537.4346485110384,0.0001492874023641,1,NORMAL
2026-09-25 10:01:29.090287,227.64494326945007,3.101850899069425,706.1206719489521,0.0001961446310969,1,NORMAL
2026-09-25 10:01:30.090287,230.5796845283369,2.872589365813817,662.3607497488056,0.0001839890971524,1,NORMAL
2026-09-25 10:01:31.090287,229.70024406647508,3.2638823804658306,749.714579397269,0.0002082540498325,1,NORMAL
2026-09-25 10:01:32.090287,231.66644775524148,2.3367304919451204,541.342052430284,0.0001503727923417,1,NORMAL
2026-09-25 10:01:33.090287,229.276218057534,2.965205088543495,679.8510084662076,0.0001888475023517,1,NORMAL
2026-09-25 10:01:34.090287,230.9706319931209,2.6136664288632647,603.6801868937516,0.0001676889408038,1,NORMAL
2026-09-25 10:01:35.090287,229.82155764881267,3.014991817263579,692.9101157419401,0.0001924750321505,1,NORMAL
2026-09-25 10:01:36.090287,228.59105979308092,2.6358424250260573,602.5300133842709,0.0001673694481622,1,NORMAL
2026-09-25 10:01:37.090287,230.19749155527467,2.934827427006396,675.5899118444933,0.0001876638644012,1,NORMAL
2026-09-25 10:01:38.090287,231.00095503884123,2.473370639677502,571.3509799305327,0.0001587086055362,1,NORMAL
2026-09-25 10:01:39.090287,229.2986369442424,2.885391974223204,661.6164467392374,0.0001837823463164,1,NORMAL
2026-09-25 10:01:40.090287,231.6277278162472,2.5297931127160487,585.9702305436098,0.0001627695084843,1,NORMAL
2026-09-25 10:01:41.090287,230.46930401031017,3.1263777537689434,720.5341049844452,0.0002001483624956,1,NORMAL
2026-09-25 10:01:42.090287,233.29279448535996,2.4964553178468694,582.4050374083336,0.0001617791770578,1,NORMAL
2026-09-25 10:01:43.090287,228.68553336376505,2.53132215888834,578.8767580208971,0.0001607990994502,1,NORMAL
2026-09-25 10:01:44.090287,226.6604416558632,3.88234346713136,879.9736849197492,0.0002444371346999,1,NORMAL
2026-09-25 10:01:45.090287,227.51699753810172,2.591847295472577,589.68931474317,0.0001638025874286,1,NORMAL
2026-09-25 10:01:46.090287,232.63153301656436,2.1234464765308925,493.9806091140035,0.000137216835865,1,NORMAL
2026-09-25 10:01:47.090287,231.51270313857475,2.2934878273291117,530.9715665203793,0.0001474921018112,1,NORMAL
2026-09-25 10:01:48.090287,232.4933894730592,1.9150611564795708,445.239059318132,0.0001236775164772,-1,ANOMALY
2026-09-25 10:01:49.090287,226.49306116749867,2.727538882520545,617.7686309554568,0.0001716023974876,1,NORMAL
2026-09-25 10:01:50.090287,231.94364538034543,2.984520874681713,692.2406513874137,0.0001922890698298,1,NORMAL
2026-09-25 10:01:51.090287,229.32856985422688,3.673022103732359,842.3289060919055,0.0002339802516921,1,NORMAL
2026-09-25 10:01:52.090287,234.31047907686616,3.3361286422068863,781.6899004175506,0.0002171360834493,1,NORMAL
2026-09-25 10:01:53.090287,228.75429099379744,2.790928482995364,638.4368663419992,0.0001773435739838,1,NORMAL
2026-09-25 10:01:54.090287,227.4231052404853,3.050408711127026,693.7334213371349,0.0001927037281492,1,NORMAL
2026-09-25 10:01:55.090287,226.7408140280473,3.2759318276547504,742.787449302827,0.0002063298470285,1,NORMAL
2026-09-25 10:01:56.090287,234.0111480912799,3.358795789896525,785.9956589978431,0.0002183321274994,1,NORMAL
2026-09-25 10:01:57.090287,229.0617045596101,3.263468706315895,747.5357046456646,0.000207648806846,1,NORMAL
2026-09-25 10:01:58.090287,233.24106689033172,3.7852473176305694,882.8751228079204,0.0002452430896688,1,NORMAL
2026-09-25 10:01:59.090287,227.9924842168733,3.2551481947911616,742.1493234245074,0.0002061525898401,1,NORMAL
2026-09-25 10:02:00.090287,229.6837970198596,3.403296623956843,781.6820909752771,0.0002171339141597,1,NORMAL
2026-09-25 10:02:01.090287,230.76722790763355,1.8151392952577765,418.8746634328526,0.0001163540731757,-1,ANOMALY
2026-09-25 10:02:02.090287,229.3039738274063,3.099279181448146,710.677032306611,0.0001974102867518,1,NORMAL
2026-09-25 10:02:03.090287,227.13127006568232,3.2905110049329926,747.3779437155353,0.0002076049843654,1,NORMAL
2026-09-25 10:02:04.090287,226.95196951654597,2.600780476291473,590.2522513745303,0.0001639589587151,1,NORMAL
2026-09-25 10:02:05.090287,232.68262383940024,2.558111105567866,595.2280041162401,0.0001653411122545,1,NORMAL
2026-09-25 10:02:06.090287,231.1479339184033,2.1232131410456567,490.776330821107,0.0001363267585614,1,NORMAL
2026-09-25 10:02:07.090287,234.1626293135303,2.8477231807563714,666.8303475630016,0.0001852306521008,1,NORMAL
2026-09-25 10:02:08.090287,230.19064161389545,3.0895183982744827,711.1782223767377,0.0001975495062157,1,NORMAL
2026-09-25 10:02:09.090287,231.21513372866272,2.2404100085069114,518.01669972396,0.000143893527701,1,NORMAL
2026-09-25 10:02:10.090287,229.9893270583267,2.670615587109322,614.2130817107509,0.0001706147449196,1,NORMAL
2026-09-25 10:02:11.090287,226.62088554784347,3.493561100064355,791.7139102120824,0.0002199205306144,1,NORMAL
2026-09-25 10:02:12.090287,229.29565403280083,3.12126021280626,715.6914019019704,0.0001988031671949,1,NORMAL
2026-09-25 10:02:13.090287,230.35969083745613,2.8325738638119438,652.5108395419778,0.0001812530109838,1,NORMAL
2026-09-25 10:02:14.090287,233.9500547072616,2.976367673685495,696.3213800876464,0.0001934226055799,1,NORMAL
2026-09-25 10:02:15.090287,226.88409536464667,2.799809319908341,635.2322047409106,0.0001764533902058,1,NORMAL
2026-09-25 10:02:16.090287,230.99947524022423,3.2662975546852757,754.5130211107262,0.0002095869503085,1,NORMAL
2026-09-25 10:02:17.090287,227.82443812947648,3.464741253672385,789.3527293819291,0.0002192646470505,1,NORMAL
2026-09-25 10:02:18.090287,226.47426614225796,3.572067601308209,808.9813886168123,0.0002247170523935,1,NORMAL
2026-09-25 10:02:19.090287,227.3613042217252,2.8868773904956617,656.3642086313043,0.0001823233912864,1,NORMAL
2026-09-25 10:02:20.090287,232.1291373560534,3.059802834443534,710.2693924389848,0.0001972970534552,1,NORMAL
2026-09-25 10:02:21.090287,231.63339703542715,3.309330979854966,766.5515767783845,0.0002129309935495,1,NORMAL
2026-09-25 10:02:22.090287,232.5725372268092,3.531104925456856,821.238031727584,0.0002281216754798,1,NORMAL
2026-09-25 10:02:23.090287,229.0925113829271,3.3164708168967327,759.7786283710603,0.0002110496189919,1,NORMAL
2026-09-25 10:02:24.090287,226.9468962766045,2.9710475463311075,674.2700193300662,0.0001872972275916,1,NORMAL
2026-09-25 10:02:25.090287,231.6369694692771,3.066923827123,710.4129409078888,0.0001973369280299,1,NORMAL
2026-09-25 10:02:26.090287,230.89327946303416,2.893363812017104,668.058259236295,0.0001855717386767,1,NORMAL
2026-09-25 10:02:27.090287,232.25813887507027,2.959792113145504,687.4358076562861,0.0001909543910156,1,NORMAL
2026-09-25 10:02:28.090287,229.0690996351919,3.443258706284527,788.7441716596322,0.0002190956032387,1,NORMAL
2026-09-25 10:02:29.090287,227.18968015527108,3.2505166717586724,738.4838429962291,0.0002051344008322,1,NORMAL
2026-09-25 10:02:30.090287,227.9150302515457,3.6389634146190826,829.3744567271763,0.0002303817935353,1,NORMAL
2026-09-25 10:02:31.090287,229.4779454935064,3.0674923604098443,703.9218446838776,0.0001955338457455,1,NORMAL
2026-09-25 10:02:32.090287,230.82514079328823,2.035157701842921,469.7655630644373,0.0001304904341845,1,NORMAL
2026-09-25 10:02:33.090287,228.69883031688627,3.5217729546432768,805.425355368562,0.0002237292653801,1,NORMAL
2026-09-25 10:02:34.090287,231.7355300483418,3.141516102697608,728.0008992140312,0.0002022224720038,1,NORMAL
2026-09-25 10:02:35.090287,227.30107285714897,3.292751730429289,748.4460009788113,0.0002079016669385,1,NORMAL
2026-09-25 10:02:36.090287,231.42679918041088,3.0235086065618724,699.7209191110384,0.0001943669219752,1,NORMAL
2026-09-25 10:02:37.090287,232.4463419011829,2.6582841049349386,617.9084159261868,0.0001716412266461,1,NORMAL
2026-09-25 10:02:38.090287,228.98028484500009,1.7576942104570927,402.47732098087255,0.000111799255828,-1,ANOMALY
2026-09-25 10:02:39.090287,231.8396550202953,3.156930981735067,731.9017897283402,0.0002033060527023,1,NORMAL
2026-09-25 10:02:40.090287,226.63635934973357,2.1207005000029264,480.6278405918228,0.0001335077334977,-1,ANOMALY
2026-09-25 10:02:41.090287,228.254738745258,3.396828970990177,775.3423093356863,0.0002153728637043,1,NORMAL
2026-09-25 10:02:42.090287,229.39927902382277,2.5976065416698377,595.8890678466263,0.0001655247410685,1,NORMAL
2026-09-25 10:02:43.090287,227.98776821383305,2.4745440210859067,564.16576871426,0.0001567127135317,1,NORMAL
2026-09-25 10:02:44.090287,226.13264339778488,2.396302084176813,541.8821246745239,0.0001505228124095,1,NORMAL
2026-09-25 10:02:45.090287,227.85884384064568,3.341311618228573,761.3474022408795,0.0002114853895113,1,NORMAL
2026-09-25 10:02:46.090287,229.6685538937068,2.5872075784912694,594.2002231749286,0.0001650556175485,1,NORMAL
2026-09-25 10:02:47.090287,234.6194455108124,2.668051543226668,625.976773666108,0.0001738824371294,1,NORMAL
2026-09-25 10:02:48.090287,232.33420582876727,3.8105542788938576,885.3221021542154,0.0002459228061539,1,NORMAL
2026-09-25 10:02:49.090287,226.8600793246853,3.036981482036784,688.9698599224652,0.0001913805166451,1,NORMAL
2026-09-25 10:02:50.090287,228.9649326981836,2.700537801720332,618.3284560197964,0.0001717579044499,1,NORMAL
2026-09-25 10:02:51.090287,231.11075363361385,2.688564751788358,621.3562259785773,0.0001725989516607,1,NORMAL
2026-09-25 10:02:52.090287,229.00806190734707,2.915942552187353,667.774352509589,0.0001854928756971,1,NORMAL
2026-09-25 10:02:53.090287,229.25320146324685,2.4132148964939373,553.237240840033,0.0001536770113444,1,NORMAL
2026-09-25 10:02:54.090287,231.59181300969496,3.5242654692538,816.1910295519509,0.000226719730431,1,NORMAL
2026-09-25 10:02:55.090287,230.6872371790704,2.811723674488867,648.6287661788207,0.0001801746572718,1,NORMAL
2026-09-25 10:02:56.090287,228.58957852734045,2.648189968536777,605.3486287681528,0.00016815239688,1,NORMAL
2026-09-25 10:02:57.090287,234.7147527300654,3.468919150783322,814.2065007166959,0.0002261684724213,1,NORMAL
2026-09-25 10:02:58.090287,228.31977984283333,3.0823489137185702,703.7612253790204,0.0001954892292719,1,NORMAL
2026-09-25 10:02:59.090287,229.27492994980128,3.291900188078145,754.7501850233543,0.0002096528291731,1,NORMAL
2026-09-25 10:03:00.090287,231.08699820557868,3.541804826952736,818.4650456905367,0.0002273514015807,1,NORMAL
2026-09-25 10:03:01.090287,228.2988870826756,3.052367649319065,696.8521373067053,0.0001935700381407,1,NORMAL
2026-09-25 10:03:02.090287,226.50290603008492,2.3713298497855777,537.1131021323182,0.0001491980839256,1,NORMAL
2026-09-25 10:03:03.090287,231.7682016731184,2.5246581042973366,585.1354686724578,0.0001625376301867,1,NORMAL
2026-09-25 10:03:04.090287,228.3181824039043,2.9958609627249757,684.0095297441773,0.0001900026471511,1,NORMAL
2026-09-25 10:03:05.090287,231.38952206169307,2.469586602082952,571.4364635459349,0.0001587323509849,1,NORMAL
2026-09-25 10:03:06.090287,223.03838234247985,2.564888378928244,572.0685549251809,0.0001589079319236,-1,ANOMALY
2026-09-25 10:03:07.090287,232.41125615590568,3.171567525508437,737.1079925866932,0.0002047522201629,1,NORMAL
2026-09-25 10:03:08.090287,232.64774960757444,2.434091928933652,566.2860096043742,0.0001573016693345,1,NORMAL
2026-09-25 10:03:09.090287,226.7212074646719,3.23127427632377,732.598405577659,0.0002034995571049,1,NORMAL
2026-09-25 10:03:10.090287,230.4800454753701,3.1527771601886294,726.6522232539835,0.0002018478397927,1,NORMAL
2026-09-25 10:03:11.090287,231.86599328530116,3.2108424619561298,744.4851767240797,0.0002068014379789,1,NORMAL
2026-09-25 10:03:12.090287,230.81123518628075,3.3575035069005703,774.94953156999,0.0002152637587694,1,NORMAL
2026-09-25 10:03:13.090287,231.00483326437404,3.428722965858703,792.0515770379197,0.0002200143269549,1,NORMAL
2026-09-25 10:03:14.090287,232.0170416495572,3.7658444006204577,873.7400771445084,0.0002427055769845,1,NORMAL
2026-09-25 10:03:15.090287,228.70161735019263,3.240281053705374,741.0575176516054,0.0002058493104587,1,NORMAL
2026-09-25 10:03:16.090287,229.2593532628054,2.583220506360367,592.2274626233944,0.0001645076285064,1,NORMAL
2026-09-25 10:03:17.090287,228.62091935783928,3.2474777587807626,742.4413508065933,0.0002062337085573,1,NORMAL
2026-09-25 10:03:18.090287,230.836505109572,3.2002060146192184,738.7243720453322,0.000205201214457,1,NORMAL
2026-09-25 10:03:19.090287,229.54857270486133,3.001707375589205,689.0376437441572,0.0001913993454844,1,NORMAL
2026-09-25 10:03:20.090287,231.6355053917521,2.255303470175347,522.4083591258388,0.0001451134330905,1,NORMAL
2026-09-25 10:03:21.090287,230.0492841968572,3.044978074063395,700.4950263334088,0.0001945819517592,1,NORMAL
2026-09-25 10:03:22.090287,231.5066085381553,2.324875794028588,538.2241103480092,0.0001495066973188,1,NORMAL
2026-09-25 10:03:23.090287,232.9902674910348,15.534903194134792,3619.481250648796,0.0010054114585135,-1,ANOMALY
2026-09-25 10:03:24.090287,230.49876736742152,3.7887266398817374,873.2968203848532,0.0002425824501069,1,NORMAL
2026-09-25 10:03:25.090287,229.8094089352261,3.1395107628851697,721.4891127644216,0.0002004136424345,1,NORMAL
2026-09-25 10:03:26.090287,231.21579301943308,3.093304561578179,715.2208672559284,0.0001986724631266,1,NORMAL
2026-09-25 10:03:27.090287,229.10713277089891,3.0970449964491538,709.5550991989245,0.0001970986386663,1,NORMAL
2026-09-25 10:03:28.090287,232.14726349971957,2.48674235029447,577.2904316497222,0.000160358453236,1,NORMAL
2026-09-25 10:03:29.090287,230.26593934829376,2.649939592530413,610.1908294902505,0.0001694974526361,1,NORMAL
2026-09-25 10:03:30.090287,232.39009325784968,2.2384065476081125,520.1835063476307,0.0001444954184298,1,NORMAL
2026-09-25 10:03:31.090287,228.8821563054568,3.1886059375322606,729.8150025907665,0.0002027263896085,1,NORMAL
2026-09-25 10:03:32.090287,233.13104805846868,2.967124869463506,691.7289305383742,0.0001921469251495,1,NORMAL
2026-09-25 10:03:33.090287,228.8896009466136,3.940578534720295,901.9574483109196,0.0002505437356419,1,NORMAL
2026-09-25 10:03:34.090287,227.10397219916752,1.900597021689959,431.633133175697,0.0001198980925488,-1,ANOMALY
2026-09-25 10:03:35.090287,230.88002890010665,2.7489728878236943,634.6829397863441,0.0001763008166073,1,NORMAL
2026-09-25 10:03:36.090287,227.95753436573855,3.3541782236496767,764.6101976864331,0.0002123917215795,1,NORMAL
2026-09-25 10:03:37.090287,230.4876014275424,2.717960684631636,626.4562389751068,0.0001740156219375,1,NORMAL
2026-09-25 10:03:38.090287,227.4393912026582,3.436228664140073,781.5337554051416,0.0002170927098347,1,NORMAL
2026-09-25 10:03:39.090287,231.30040235591733,2.9504120681103085,682.4314984696686,0.0001895643051304,1,NORMAL
2026-09-25 10:03:40.090287,233.69327399209533,2.464957616836924,576.0440157303735,0.0001600122265917,1,NORMAL
2026-09-25 10:03:41.090287,226.94894965815053,2.6540459650593777,602.3329441146783,0.0001673147066985,1,NORMAL
2026-09-25 10:03:42.090287,229.908827967289,3.121669724661346,717.6994276978597,0.0001993609521382,1,NORMAL
2026-09-25 10:03:43.090287,229.51752788428732,3.1760276982571485,728.9540257960041,0.0002024872293877,1,NORMAL
2026-09-25 10:03:44.090287,227.49692115161912,3.72188230203663,846.7167646020339,0.0002351991012783,1,NORMAL
2026-09-25 10:03:45.090287,229.83569764321487,3.558647915794064,817.9043263931012,0.0002271956462203,1,NORMAL
2026-09-25 10:03:46.090287,230.6854506927554,3.228376609576892,744.739513186195,0.0002068720869961,1,NORMAL
2026-09-25 10:03:47.090287,231.1395345604644,3.2238542800086574,745.1601777719621,0.0002069889382699,1,NORMAL
2026-09-25 10:03:48.090287,231.28544551973508,3.664576265066216,847.5631541068865,0.0002354342094741,1,NORMAL
2026-09-25 10:03:49.090287,230.3930423394029,3.354501878794256,772.8538933886517,0.0002146816370524,1,NORMAL
2026-09-25 10:03:50.090287,229.82052861142557,3.720058607724736,854.9458356927826,0.0002374849543591,1,NORMAL
2026-09-25 10:03:51.090287,228.64721539588143,3.900470216455408,891.8316537270999,0.0002477310149241,1,NORMAL
2026-09-25 10:03:52.090287,229.9196840987113,2.284612448940976,525.2773725484924,0.0001459103812634,1,NORMAL
2026-09-25 10:03:53.090287,230.2562088298216,2.65947417126256,612.3604401557486,0.0001701001222654,1,NORMAL
2026-09-25 10:03:54.090287,231.68128709797745,2.6736880103488048,619.4434795360415,0.0001720676332044,1,NORMAL
2026-09-25 10:03:55.090287,229.10763313357043,2.0552296345272345,470.8687971125077,0.0001307968880868,1,NORMAL
2026-09-25 10:03:56.090287,229.09538736150185,1.7880603366855217,409.636375458707,0.0001137878820718,-1,ANOMALY
2026-09-25 10:03:57.090287,226.8321943530285,3.3802073280721485,766.7398455947929,0.0002129832904429,1,NORMAL
2026-09-25 10:03:58.090287,231.5716003173017,3.2127287808924825,743.9767451767258,0.0002066602069935,1,NORMAL
2026-09-25 10:03:59.090287,228.0660477137416,2.9761443219290102,678.7574729280427,0.00018854374248,1,NORMAL
2026-09-25 10:04:00.090287,229.99279492181887,2.4208176554037286,556.7706185623881,0.0001546585051562,1,NORMAL
2026-09-25 10:04:01.090287,233.0067966035343,3.438681145287836,801.2360782044912,0.000222565577279,1,NORMAL
2026-09-25 10:04:02.090287,229.5580716523407,3.0134429194972654,691.760145634192,0.0001921555960094,1,NORMAL
2026-09-25 10:04:03.090287,230.41676561589512,1.979132565787855,456.0253245339253,0.0001266737012594,1,NORMAL
2026-09-25 10:04:04.090287,229.5056452349588,2.659007876001101,610.2573182664701,0.0001695159217406,1,NORMAL
2026-09-25 10:04:05.090287,227.99675998021016,2.8594498535570225,651.9453019368875,0.0001810959172046,1,NORMAL
2026-09-25 10:04:06.090287,233.59537305369903,3.320421430633505,775.6350827843306,0.0002154541896623,1,NORMAL
2026-09-25 10:04:07.090287,228.8576420204344,3.2862913906780795,752.0928986626395,0.0002089146940729,1,NORMAL
2026-09-25 10:04:08.090287,232.798710873172,3.4623168414563845,806.022897325519,0.000223895249257,1,NORMAL
2026-09-25 10:04:09.090287,230.11926073984037,2.676531611147213,615.9214757040105,0.0001710892988066,1,NORMAL
2026-09-25 10:04:10.090287,231.3964466272272,3.196742692710875,739.7148998748505,0.0002054763610763,1,NORMAL
2026-09-25 10:04:11.090287,231.79038644005547,3.3175859008409847,768.9845180040114,0.0002136068105566,1,NORMAL
2026-09-25 10:04:12.090287,232.09910543063867,2.732382394219716,634.1835093928228,0.0001761620859424,1,NORMAL
2026-09-25 10:04:13.090287,232.63478813126864,3.0987998023462,720.8886354800254,0.0002002468431888,1,NORMAL
2026-09-25 10:04:14.090287,234.15052174525053,2.655406090955216,621.76472164268,0.0001727124226785,1,NORMAL
2026-09-25 10:04:15.090287,233.4719276063305,3.098955391731324,723.5190888735432,0.000200977524687,1,NORMAL
2026-09-25 10:04:16.090287,228.6971639927711,2.7580570829728392,630.7598330060633,0.0001752110647239,1,NORMAL
2026-09-25 10:04:17.090287,229.35930538361137,3.212082973200958,736.721119567897,0.0002046447554355,1,NORMAL
2026-09-25 10:04:18.090287,231.045670976071,2.7131499980307106,626.8615617537312,0.0001741282115982,1,NORMAL
2026-09-25 10:04:19.090287,229.95129081547805,4.071135179305932,936.1627895657016,0.0002600452193238,1,NORMAL
2026-09-25 10:04:20.090287,233.45508634020143,3.218161834837016,751.2962490086167,0.0002086934025023,1,NORMAL
2026-09-25 10:04:21.090287,230.0760069563364,3.0600156633591307,704.0361850495137,0.0001955656069581,1,NORMAL
2026-09-25 10:04:22.090287,231.22703594546084,2.4886037174007973,575.4324612174416,0.0001598423503381,1,NORMAL
2026-09-25 10:04:23.090287,229.4852469251533,2.1657079630612053,496.9980266708715,0.0001380550074085,1,NORMAL
2026-09-25 10:04:24.090287,230.79844624521056,3.3235979698513707,767.0812473854326,0.0002130781242737,1,NORMAL
2026-09-25 10:04:25.090287,229.03362707540128,3.786993381645016,867.3488299086973,0.0002409302305301,1,NORMAL
2026-09-25 10:04:26.090287,227.54846867399533,2.26781255989509,516.0372752437811,0.0001433436875677,1,NORMAL
2026-09-25 10:04:27.090287,230.44890363711997,3.523549151306077,811.9980388299899,0.0002255550107861,1,NORMAL
2026-09-25 10:04:28.090287,233.3678553829157,2.77055786856553,646.5591480013999,0.0001795997633337,1,NORMAL
2026-09-25 10:04:29.090287,232.15736166686256,2.9807457652496465,692.0020726600312,0.0001922227979611,1,NORMAL
2026-09-25 10:04:30.090287,229.6547454001184,3.441829968743336,790.4325851822482,0.000219564606995,1,NORMAL
2026-09-25 10:04:31.090287,231.30464575682683,2.211803921507875,511.6005225479395,0.0001421112562633,1,NORMAL
2026-09-25 10:04:32.090287,232.9530806994518,3.6900456770737255,859.6075083960188,0.0002387798634433,1,NORMAL
2026-09-25 10:04:33.090287,228.74887459698093,3.1979017667187044,731.5164302086008,0.0002031990083912,1,NORMAL
2026-09-25 10:04:34.090287,230.98806037256549,3.1303368829119536,723.0704448965348,0.0002008529013601,1,NORMAL
2026-09-25 10:04:35.090287,228.8993896923092,2.664188316030974,609.8310795648708,0.0001693975221013,1,NORMAL
2026-09-25 10:04:36.090287,229.9488918580171,3.586364509629682,824.6805447882663,0.0002290779291078,1,NORMAL
2026-09-25 10:04:37.090287,231.0872003091889,2.814692833956947,650.4394867294475,0.0001806776352026,1,NORMAL
2026-09-25 10:04:38.090287,231.5433974212967,1.5757286896849625,364.8495742238644,0.000101347103951,-1,ANOMALY
2026-09-25 10:04:39.090287,232.29753140074425,2.13014311061095,494.8269861252261,0.0001374519405903,1,NORMAL
2026-09-25 10:04:40.090287,229.27511811719373,2.440165052686928,559.4691306802437,0.0001554080918556,1,NORMAL
2026-09-25 10:04:41.090287,227.4106370485582,3.58041339368926,814.2240907560648,0.0002261733585433,1,NORMAL
2026-09-25 10:04:42.090287,229.0645975973762,3.1732519408653577,726.8796789094162,0.0002019110219192,1,NORMAL
2026-09-25 10:04:43.090287,229.90615884224164,3.238520413611561,744.5557886256216,0.000206821052396,1,NORMAL
2026-09-25 10:04:44.090287,230.1536437821205,2.358503887905715,542.8182636757982,0.000150782851021,1,NORMAL
2026-09-25 10:04:45.090287,231.9925336388943,2.753121708419344,638.7036805524447,0.0001774176890423,1,NORMAL
2026-09-25 10:04:46.090287,226.88683620268048,2.785942419517044,632.0936614070629,0.000175581572613,1,NORMAL
2026-09-25 10:04:47.090287,233.0015195812686,3.4251108710567464,798.0560376905445,0.0002216822326918,1,NORMAL
2026-09-25 10:04:48.090287,229.3026957311843,2.825371147840785,647.8652206410026,0.0001799625612891,1,NORMAL
2026-09-25 10:04:49.090287,229.35672989756523,4.0383739917804204,926.2282528581342,0.0002572856257939,1,NORMAL
2026-09-25 10:04:50.090287,230.76387090446312,3.215020823595535,741.9106502913608,0.0002060862917476,1,NORMAL
2026-09-25 10:04:51.090287,232.0605669080637,3.1193945795132567,723.8884745317873,0.0002010801318143,1,NORMAL
2026-09-25 10:04:52.090287,229.4819157083586,2.901825075457511,665.9163773665418,0.0001849767714907,1,NORMAL
2026-09-25 10:04:53.090287,229.85679748117187,2.981388881745079,685.2925004038962,0.0001903590278899,1,NORMAL
2026-09-25 10:04:54.090287,231.455259087274,3.0259729429036497,700.3773514908451,0.000194549264303,1,NORMAL
2026-09-25 10:04:55.090287,231.4652801544312,2.959641709945709,685.0542975493232,0.0001902928604303,1,NORMAL
2026-09-25 10:04:56.090287,230.15727038063216,2.000899657733946,460.5216035295862,0.0001279226676471,1,NORMAL
2026-09-25 10:04:57.090287,231.83265534940497,3.1732442379489965,735.661637755915,0.0002043504549321,1,NORMAL
2026-09-25 10:04:58.090287,231.9960202197193,1.5518723109031554,360.02820001871095,0.0001000078333385,-1,ANOMALY
2026-09-25 10:04:59.090287,234.17674940956147,2.930205185922413,686.1859255423503,0.0001906072015395,1,NORMAL
2026-09-25 10:05:00.090287,232.21636563347505,2.4800470364372345,575.907509401525,0.000159974308167,1,NORMAL
2026-09-25 10:05:01.090287,231.22554781012516,2.473292218413172,571.8883480971053,0.0001588578744714,1,NORMAL
2026-09-25 10:05:02.090287,228.7524620786084,3.957015676933393,905.177078582165,0.0002514380773839,1,NORMAL
2026-09-25 10:05:03.090287,229.6186351984733,3.1087164365898614,713.8192253888252,0.0001982831181635,1,NORMAL
2026-09-25 10:05:04.090287,231.74013546137752,3.2478409439863025,752.6551003163939,0.0002090708611989,1,NORMAL
2026-09-25 10:05:05.090287,230.3008378102872,3.1824805012331128,732.9279257488885,0.0002035910904858,1,NORMAL
2026-09-25 10:05:06.090287,234.80683117047656,2.9711906014832072,697.6558499377742,0.0001937932916493,1,NORMAL
2026-09-25 10:05:07.090287,230.40219809342997,3.525327198003806,812.2431354186293,0.0002256230931718,1,NORMAL
2026-09-25 10:05:08.090287,232.211051865916,3.5935151527801903,834.4539335231957,0.0002317927593119,1,NORMAL
2026-09-25 10:05:09.090287,231.2774604440584,2.4284975436347582,561.6567445864807,0.0001560157623851,1,NORMAL
2026-09-25 10:05:10.090287,233.2668630646022,2.426827303490656,566.0983922847927,0.0001572495534124,1,NORMAL
2026-09-25 10:05:11.090287,230.60527093047807,2.622862074990321,604.8458194164189,0.0001680127276156,1,NORMAL
2026-09-25 10:05:12.090287,229.871723306814,3.16438120515174,727.4017608279235,0.0002020560446744,1,NORMAL
2026-09-25 10:05:13.090287,230.64271443090053,3.2109603771176425,740.5846173084811,0.0002057179492523,1,NORMAL
2026-09-25 10:05:14.090287,233.22742253811728,3.2267671507569897,752.5705857017173,0.0002090473849171,1,NORMAL
2026-09-25 10:05:15.090287,229.5116867294187,3.482043584144179,799.169696262281,0.000221991582295,1,NORMAL
2026-09-25 10:05:16.090287,232.37894097784928,2.386196092431504,554.501720924715,0.0001540282558124,1,NORMAL
2026-09-25 10:05:17.090287,231.1948001396997,3.3505863711554493,774.6381464300858,0.0002151772628972,1,NORMAL
2026-09-25 10:05:18.090287,229.40487299328,3.68785340665581,846.0115423717111,0.0002350032062143,1,NORMAL
2026-09-25 10:05:19.090287,229.69988882593492,3.062788226735772,703.5221151785892,0.0001954228097718,1,NORMAL
2026-09-25 10:05:20.090287,229.65385635143227,3.0077895237907337,690.75046323198,0.0001918751286755,1,NORMAL
2026-09-25 10:05:21.090287,227.8074498262096,2.279974558702853,519.3951898867346,0.0001442764416352,1,NORMAL
2026-09-25 10:05:22.090287,233.18901012644997,2.5765193258408363,600.8159911644927,0.000166893330879,1,NORMAL
2026-09-25 10:05:23.090287,228.0172153010874,1.9233049431981424,438.54663732285655,0.0001218185103674,-1,ANOMALY
2026-09-25 10:05:24.090287,228.722076504621,2.338455103296251,534.8563070387464,0.0001485711963996,1,NORMAL
2026-09-25 10:05:25.090287,233.28403032027276,3.5049085446713173,817.6391912048865,0.0002271219975569,1,NORMAL
2026-09-25 10:05:26.090287,228.62369930964456,4.126217902672154,943.3512010665908,0.0002620420002962,-1,ANOMALY
2026-09-25 10:05:27.090287,231.9635309739832,2.8375843082456886,658.2160755770375,0.0001828377987713,1,NORMAL
2026-09-25 10:05:28.090287,225.00118857025285,4.145471286295371,932.7359666003134,0.0002590933240556,-1,ANOMALY
2026-09-25 10:05:29.090287,227.2208550664728,2.177300626521554,494.72811009499446,0.0001374244750263,1,NORMAL
2026-09-25 10:05:30.090287,232.0451408640193,4.219876203169637,979.2017679932212,0.0002720004911092,-1,ANOMALY
2026-09-25 10:05:31.090287,232.76854563702105,3.28195456002618,763.9357897840832,0.0002122043860511,1,NORMAL
2026-09-25 10:05:32.090287,231.18950868333056,3.4267077793901537,792.2188879185563,0.0002200608021995,1,NORMAL
2026-09-25 10:05:33.090287,231.51785717957355,3.140595711984688,727.103989506052,0.0002019733304183,1,NORMAL
2026-09-25 10:05:34.090287,230.20840220790376,2.9687034360502387,683.4204746422392,0.0001898390207339,1,NORMAL
2026-09-25 10:05:35.090287,228.49207082226664,2.859662461566613,653.4101976960559,0.0001815028326933,1,NORMAL
2026-09-25 10:05:36.090287,226.61408637160923,2.950830186602625,668.6996867747191,0.0001857499129929,1,NORMAL
2026-09-25 10:05:37.090287,228.02281778569812,2.4482053413921143,558.246680462227,0.0001550685223506,1,NORMAL
2026-09-25 10:05:38.090287,230.35978830230692,3.6960011431723,851.4100409062554,0.0002365027891406,1,NORMAL
2026-09-25 10:05:39.090287,231.8366332120046,2.2147496981884114,513.4601134353046,0.0001426278092875,1,NORMAL
2026-09-25 10:05:40.090287,228.0207437268593,3.470385593994108,791.319904161515,0.0002198110844893,1,NORMAL
2026-09-25 10:05:41.090287,228.0350252129234,2.887683425001488,658.4929626271552,0.0001829147118408,1,NORMAL
2026-09-25 10:05:42.090287,231.1001041980491,2.5158277725681826,581.4080603848528,0.0001615022389957,1,NORMAL
2026-09-25 10:05:43.090287,230.21075101229192,2.3329872525408977,537.0787475095436,0.0001491885409748,1,NORMAL
2026-09-25 10:05:44.090287,228.7972647120976,3.1598909670712683,722.974410054371,0.0002008262250151,1,NORMAL
2026-09-25 10:05:45.090287,226.81401253293663,3.2202373689801997,730.3949589669058,0.0002028874886019,1,NORMAL
2026-09-25 10:05:46.090287,229.96072440214664,3.2762449772085738,753.407668277778,0.0002092799078549,1,NORMAL
2026-09-25 10:05:47.090287,230.4478282681293,3.682070214986922,848.5250845745002,0.0002357014123818,1,NORMAL
2026-09-25 10:05:48.090287,230.25044900529585,2.785297229437373,641.3159376911617,0.0001781433160253,1,NORMAL
2026-09-25 10:05:49.090287,230.24459500606457,3.271649014518194,753.2795023497318,0.0002092443062082,1,NORMAL
2026-09-25 10:05:50.090287,230.0977201406514,3.0202958456019413,694.9631882232876,0.000193045330062,1,NORMAL
2026-09-25 10:05:51.090287,228.5960166243865,2.668549541224526,610.0197952887607,0.0001694499431357,1,NORMAL
2026-09-25 10:05:52.090287,227.1947894564006,3.874788371593469,880.3317282722876,0.0002445365911867,1,NORMAL
2026-09-25 10:05:53.090287,227.51227352921745,2.6535474011020463,603.7146021422728,0.000167698500595,1,NORMAL
2026-09-25 10:05:54.090287,228.5631854688616,3.4474621884722207,787.9629395806637,0.0002188785943279,1,NORMAL
2026-09-25 10:05:55.090287,229.41010064341597,3.623871036336867,831.3526191648008,0.0002309312831013,1,NORMAL
2026-09-25 10:05:56.090287,228.65301875151223,3.139497081111901,717.8554849577976,0.0001994043013771,1,NORMAL
2026-09-25 10:05:57.090287,228.3293058934805,4.072574563886694,929.8881233716928,0.0002583022564921,1,NORMAL
2026-09-25 10:05:58.090287,227.62480316194095,3.154910355113514,718.1358485762829,0.00019948218016,1,NORMAL
2026-09-25 10:05:59.090287,231.2675537618642,3.206899548725749,741.6518137938302,0.0002060143927205,1,NORMAL
2026-09-25 10:06:00.090287,229.62942468224455,2.935089650133287,673.9829477509172,0.0001872174854863,1,NORMAL
2026-09-25 10:06:01.090287,230.08762294395825,2.9264989991857555,673.3511982705232,0.0001870419995195,1,NORMAL
2026-09-25 10:06:02.090287,231.92775823358983,4.105261500795676,952.1240968422036,0.0002644789157895,-1,ANOMALY
2026-09-25 10:06:03.090287,228.88501642998432,2.3150985102104613,529.8913605465536,0.0001471920445962,1,NORMAL
2026-09-25 10:06:04.090287,229.82343590329748,4.289854668827159,985.90913951566,0.0002738636498654,-1,ANOMALY
2026-09-25 10:06:05.090287,228.39265086406053,3.8195584027220337,872.3590687277822,0.0002423219635354,1,NORMAL
2026-09-25 10:06:06.090287,233.3554016281529,2.7232058791460028,635.4748016442627,0.0001765207782345,1,NORMAL
2026-09-25 10:06:07.090287,231.13796615837052,3.814198311564269,881.6060402596561,0.0002448905667387,1,NORMAL
2026-09-25 10:06:08.090287,229.24174451802503,2.898209819948819,664.3906751043385,0.0001845529653067,1,NORMAL
2026-09-25 10:06:09.090287,228.8366381721027,2.492621634653567,570.4031551091734,0.0001584453208636,1,NORMAL
2026-09-25 10:06:10.090287,228.701444909868,2.388029866618872,546.1458809836553,0.0001517071891621,1,NORMAL
2026-09-25 10:06:11.090287,230.06816693651845,2.615013384470679,601.6313358796303,0.0001671198155221,1,NORMAL
2026-09-25 10:06:12.090287,230.4675718235815,2.2220521768981865,512.1109696750284,0.0001422530471319,1,NORMAL
2026-09-25 10:06:13.090287,230.6617604644289,3.416764480804462,788.1169102346877,0.000218921363954,1,NORMAL
2026-09-25 10:06:14.090287,226.0125287148571,3.187028284923786,720.3083217613989,0.0002000856449337,1,NORMAL
2026-09-25 10:06:15.090287,232.4553379849466,2.3951794906543973,556.7722580346801,0.0001546589605651,1,NORMAL
2026-09-25 10:06:16.090287,233.3451447736754,3.2095095046830227,748.9234600227471,0.0002080342944507,1,NORMAL
2026-09-25 10:06:17.090287,228.5899762884832,2.972115461171147,679.3958027957467,0.0001887210563321,1,NORMAL
2026-09-25 10:06:18.090287,231.11665382504344,3.0380026957062056,702.1330173430799,0.0001950369492619,1,NORMAL
2026-09-25 10:06:19.090287,231.07751198489277,2.539663203460317,586.8590543351925,0.0001630164039819,1,NORMAL
2026-09-25 10:06:20.090287,230.33872164807212,2.29314275154751,528.1995699479962,0.0001467221027633,1,NORMAL
2026-09-25 10:06:21.090287,229.7775478773026,2.548046179267605,585.48380295024,0.0001626343897084,1,NORMAL
2026-09-25 10:06:22.090287,228.52894011482047,3.618046587605219,826.8283519514636,0.0002296745422087,1,NORMAL
2026-09-25 10:06:23.090287,232.18262024118852,3.3045690604535887,767.2635032240768,0.0002131287508955,1,NORMAL
2026-09-25 10:06:24.090287,227.81537447065483,2.841795775152599,647.4047686855141,0.0001798346579681,1,NORMAL
2026-09-25 10:06:25.090287,232.4261953999584,3.0708584568199524,713.7479477304489,0.000198263318814,1,NORMAL
2026-09-25 10:06:26.090287,234.6386590799634,3.1966589196971857,750.059762453752,0.0002083499340149,1,NORMAL
2026-09-25 10:06:27.090287,230.38409823298005,2.845441767898749,655.5445357718098,0.000182095704381,1,NORMAL
2026-09-25 10:06:28.090287,230.26708180956456,2.9237650818097283,673.2468532850289,0.0001870130148013,1,NORMAL
2026-09-25 10:06:29.090287,231.4162173533772,3.478351158397292,804.9468677030391,0.0002235963521397,1,NORMAL
2026-09-25 10:06:30.090287,228.4280210789841,2.3343835232211108,533.2386086487851,0.0001481218357357,1,NORMAL
2026-09-25 10:06:31.090287,226.3275892537934,3.253995663456272,736.4689939523561,0.0002045747205423,1,NORMAL
2026-09-25 10:06:32.090287,227.79326678765224,1.9235547035237583,438.1728097604308,0.0001217146693778,-1,ANOMALY
2026-09-25 10:06:33.090287,230.77715720906195,4.246499758716396,979.9951424055372,0.0002722208728904,-1,ANOMALY
2026-09-25 10:06:34.090287,229.9878581769202,3.419245387225821,786.3849231893807,0.0002184402564414,1,NORMAL
2026-09-25 10:06:35.090287,230.16365871709516,2.9505551734044286,679.1105739574164,0.0001886418260992,1,NORMAL
2026-09-25 10:06:36.090287,231.83815296597552,2.854862727905674,661.8661018090579,0.0001838516949469,1,NORMAL
2026-09-25 10:06:37.090287,230.5347846281438,3.1608489030980067,728.6856211178035,0.0002024126725327,1,NORMAL
2026-09-25 10:06:38.090287,228.6638190927139,3.496021174768261,799.4135534515069,0.0002220593204031,1,NORMAL
2026-09-25 10:06:39.090287,229.6500804866092,2.6221274202535776,602.171773107379,0.0001672699369742,1,NORMAL
2026-09-25 10:06:40.090287,231.0730196871408,2.550766009104481,589.4132042390894,0.0001637258900664,1,NORMAL
2026-09-25 10:06:41.090287,230.0563623147383,2.995440501677898,689.1201453462519,0.0001914222625961,1,NORMAL
2026-09-25 10:06:42.090287,232.1717911316632,3.2373491164399764,751.6211428823765,0.0002087836508006,1,NORMAL
2026-09-25 10:06:43.090287,229.9499460825097,3.408883149600144,783.872496452129,0.0002177423601255,1,NORMAL
2026-09-25 10:06:44.090287,232.78041509803464,3.278905153175931,763.264902623378,0.0002120180285064,1,NORMAL
2026-09-25 10:06:45.090287,230.02070523968675,2.34408188382492,539.1873680569815,0.0001497742689047,1,NORMAL
2026-09-25 10:06:46.090287,227.86977267384924,2.847387647822666,648.8335760236772,0.0001802315488954,1,NORMAL
2026-09-25 10:06:47.090287,228.78097559568144,2.906514348507277,664.9551882343412,0.0001847097745095,1,NORMAL
2026-09-25 10:06:48.090287,230.1132998497942,3.2648463771783653,751.2845733551595,0.0002086901592653,1,NORMAL
2026-09-25 10:06:49.090287,229.85900244388185,3.243250821913101,745.4903986002452,0.0002070806662778,1,NORMAL
2026-09-25 10:06:50.090287,230.12894882962024,2.0122667168230643,463.0808243073229,0.0001286335623075,1,NORMAL
2026-09-25 10:06:51.090287,228.1213292123625,2.9279562221391924,667.9292652699999,0.0001855359070194,1,NORMAL
2026-09-25 10:06:52.090287,227.58061051431775,3.299964364998102,751.0079048617611,0.000208613306906,1,NORMAL
2026-09-25 10:06:53.090287,233.0615016646874,3.6093809258486576,841.2077386581681,0.0002336688162939,1,NORMAL
2026-09-25 10:06:54.090287,229.5731142581396,3.745363068424976,859.8346636457433,0.0002388429621238,1,NORMAL
2026-09-25 10:06:55.090287,230.29733491440425,2.8314570144409803,652.0770043504535,0.0001811325012084,1,NORMAL
2026-09-25 10:06:56.090287,228.77319467291807,2.848765156755936,651.7211057839519,0.0001810336404955,1,NORMAL
2026-09-25 10:06:57.090287,229.22364636291755,3.085208111187744,707.2026530349043,0.0001964451813985,1,NORMAL
2026-09-25 10:06:58.090287,230.32114796209973,3.001523010076707,691.3142253155243,0.0001920317292543,1,NORMAL
2026-09-25 10:06:59.090287,230.8738763394927,3.5953231373931707,830.0661894230278,0.0002305739415063,1,NORMAL
2026-09-25 10:07:00.090287,231.89910827088264,2.257551015775048,523.524067434259,0.000145423352065,1,NORMAL
2026-09-25 10:07:01.090287,224.8921577301961,3.467159955619637,779.737083615031,0.0002165936343375,1,NORMAL
2026-09-25 10:07:02.090287,227.2662426031692,2.8876172990536584,656.2579336318367,0.0001822938704532,1,NORMAL
2026-09-25 10:07:03.090287,227.6597739478813,2.09900978120999,477.8600923046581,0.000132738914529,1,NORMAL
2026-09-25 10:07:04.090287,231.0829254564096,3.3795775801513237,780.9626740282613,0.0002169340761189,1,NORMAL
2026-09-25 10:07:05.090287,228.84697919854656,1.704478853927545,390.0648368291194,0.0001083513435636,-1,ANOMALY
2026-09-25 10:07:06.090287,228.90751110349504,3.195902002701273,731.5659731690238,0.0002032127703247,1,NORMAL
2026-09-25 10:07:07.090287,227.04217686245173,3.0916799598895777,701.9417482553472,0.0001949838189598,1,NORMAL
2026-09-25 10:07:08.090287,229.969380301654,3.289645749800544,756.5177944936011,0.0002101438318037,1,NORMAL
2026-09-25 10:07:09.090287,230.2391607368283,2.5134655295592223,578.6981940666631,0.0001607494983518,1,NORMAL
2026-09-25 10:07:10.090287,232.393143003329,2.920735213486515,678.7588361426303,0.0001885441211507,1,NORMAL
2026-09-25 10:07:11.090287,229.94539092098012,2.533366020463402,582.5358399213848,0.0001618155110892,1,NORMAL
2026-09-25 10:07:12.090287,229.113435497617,2.5575986429865494,585.9802117186915,0.0001627722810329,1,NORMAL
2026-09-25 10:07:13.090287,229.6541078801532,3.855854240071172,885.5127656194509,0.0002459757682276,1,NORMAL
2026-09-25 10:07:14.090287,227.2561977141373,2.193219301061629,498.42267911252367,0.0001384507441979,1,NORMAL
2026-09-25 10:07:15.090287,232.9423406549872,2.8953381614240667,674.4468483098293,0.0001873463467527,1,NORMAL
2026-09-25 10:07:16.090287,228.66185452268016,3.519952343698038,804.8788307414478,0.0002235774529837,1,NORMAL
2026-09-25 10:07:17.090287,228.78876892052628,3.913004856773468,895.251563961242,0.0002486809899892,1,NORMAL
2026-09-25 10:07:18.090287,231.3558517426785,2.7560442959271487,637.6269755247763,0.0001771186043124,1,NORMAL
2026-09-25 10:07:19.090287,234.31461642653105,2.6971425384983307,631.9799193559165,0.0001755499775988,1,NORMAL
2026-09-25 10:07:20.090287,231.4841907440186,3.149646290203246,729.0933226175988,0.0002025259229493,1,NORMAL
2026-09-25 10:07:21.090287,232.6034825787976,3.7807555983634265,879.4169189586187,0.0002442824774885,1,NORMAL
2026-09-25 10:07:22.090287,230.06400829813157,2.6232910648269083,603.5248573067522,0.0001676457936963,1,NORMAL
2026-09-25 10:07:23.090287,230.91994428587824,2.661142315123947,614.5108351452149,0.000170697454207,1,NORMAL
2026-09-25 10:07:24.090287,234.02677449505325,3.0682676655413688,718.0567850541133,0.0001994602180705,1,NORMAL
2026-09-25 10:07:25.090287,229.2693568973758,3.0923401529324543,708.9788381707565,0.0001969385661585,1,NORMAL
2026-09-25 10:07:26.090287,227.3057474209406,2.5141929807446743,571.4905146486508,0.0001587473651801,1,NORMAL
2026-09-25 10:07:27.090287,232.40082781588885,2.671552860514302,620.8710963374297,0.000172464193427,1,NORMAL
2026-09-25 10:07:28.090287,227.90617803463613,3.268326376263643,744.871772984039,0.0002069088258288,1,NORMAL
2026-09-25 10:07:29.090287,232.371408309326,3.359476655332533,780.646321581925,0.0002168462004394,1,NORMAL
2026-09-25 10:07:30.090287,231.99209537161164,2.6216024557152697,608.1910469327481,0.0001689419574813,1,NORMAL
2026-09-25 10:07:31.090287,227.1563786665163,3.750666825977744,851.9878937737411,0.000236663303826,1,NORMAL
2026-09-25 10:07:32.090287,229.35464032231573,2.8745834917724764,659.2990628319428,0.0001831386285644,1,NORMAL
2026-09-25 10:07:33.090287,232.6563882836981,18.21952126770565,4238.8880144024215,0.0011774688928895,-1,ANOMALY
2026-09-25 10:07:34.090287,228.8332840555453,3.0192959701135167,690.9154123767496,0.0001919209478824,1,NORMAL
2026-09-25 10:07:35.090287,232.91123738016225,3.8996357875095,908.268996600801,0.0002522969435002,1,NORMAL
2026-09-25 10:07:36.090287,231.4916025021208,3.2967145865968046,763.161742643411,0.0002119893729565,1,NORMAL
2026-09-25 10:07:37.090287,228.29252693063015,3.1796047002289205,725.8799916557691,0.0002016333310154,1,NORMAL
2026-09-25 10:07:38.090287,231.11364168155,2.8948149207194773,669.0312183215659,0.0001858420050893,1,NORMAL
2026-09-25 10:07:39.090287,228.81044749088863,2.3593511632615725,539.8441954540291,0.0001499567209594,1,NORMAL
2026-09-25 10:07:40.090287,226.52454048989745,2.0260582433394188,458.9519125782306,0.0001274866423828,-1,ANOMALY
2026-09-25 10:07:41.090287,231.15888514573453,3.0738496626133887,710.5476611153032,0.0001973743503098,1,NORMAL
2026-09-25 10:07:42.090287,229.0323777369178,2.8342718511376805,649.1400212188785,0.0001803166725607,1,NORMAL
2026-09-25 10:07:43.090287,230.42094108306097,2.917718464495703,672.3034344045235,0.0001867509540012,1,NORMAL
2026-09-25 10:07:44.090287,227.31889363999235,3.4565001101371498,785.7277809028886,0.0002182577169174,1,NORMAL
2026-09-25 10:07:45.090287,230.6082523413396,3.132949239906924,722.4839488890641,0.0002006899858025,1,NORMAL
2026-09-25 10:07:46.090287,231.67512540671677,2.593177321970163,600.7746812692914,0.0001668818559081,1,NORMAL
2026-09-25 10:07:47.090287,232.42746287545168,2.929978574028881,681.0074862409666,0.000189168746178,1,NORMAL
2026-09-25 10:07:48.090287,231.77719776066172,3.3672245167438275,780.4458627218828,0.0002167905174227,1,NORMAL
2026-09-25 10:07:49.090287,227.92239634399488,3.251450202457068,741.0783217371823,0.0002058550893714,1,NORMAL
2026-09-25 10:07:50.090287,230.65254934169337,3.015155828747171,695.4533785630013,0.0001931814940452,1,NORMAL
2026-09-25 10:07:51.090287,229.81125649992924,2.957053375141104,679.5641516785338,0.0001887678199107,1,NORMAL
2026-09-25 10:07:52.090287,231.625378851288,3.288955256895755,761.8055074034145,0.0002116126409453,1,NORMAL
2026-09-25 10:07:53.090287,230.06095770053133,2.2540319267643127,518.5647437589716,0.0001440457621552,1,NORMAL
2026-09-25 10:07:54.090287,230.98888682816724,3.3618068095888898,776.54001267829,0.0002157055590773,1,NORMAL
2026-09-25 10:07:55.090287,234.60082017089397,3.537716531552519,829.9511998343511,0.0002305419999539,1,NORMAL
2026-09-25 10:07:56.090287,226.20164722416905,3.039214699509321,687.4753712969165,0.0001909653809158,1,NORMAL
2026-09-25 10:07:57.090287,233.62275005733,3.3117744284508186,773.7058495442224,0.00021491829154,1,NORMAL
2026-09-25 10:07:58.090287,230.6573043207464,3.4501143294576178,795.7940708310737,0.0002210539085641,1,NORMAL
2026-09-25 10:07:59.090287,228.7552436100184,3.239044998313728,740.9485276530685,0.0002058190354591,1,NORMAL
2026-09-25 10:08:00.090287,229.49906392201615,2.9901882570947627,686.245405953853,0.000190623723876,1,NORMAL
2026-09-25 10:08:01.090287,231.6569090313902,2.5366434487539093,587.6309806530563,0.0001632308279591,1,NORMAL
2026-09-25 10:08:02.090287,232.57596494760384,2.7885940194572285,648.5599449223821,0.0001801555402562,1,NORMAL
2026-09-25 10:08:03.090287,230.5213256663008,2.2997460198625284,530.1405011945089,0.0001472612503318,1,NORMAL
2026-09-25 10:08:04.090287,231.4396745817428,3.723251967973289,861.7082238535714,0.0002393633955148,1,NORMAL
2026-09-25 10:08:05.090287,228.9707169015637,2.4448883067452,559.8078283396986,0.0001555021745388,1,NORMAL
2026-09-25 10:08:06.090287,230.55596612948543,3.727405322495872,859.3755352842219,0.0002387154264678,1,NORMAL
2026-09-25 10:08:07.090287,227.1002868690382,2.446845909385829,555.6794079458545,0.000154355391096,1,NORMAL
2026-09-25 10:08:08.090287,229.09162088337695,2.589828087734652,593.3079144284281,0.0001648077540078,1,NORMAL
2026-09-25 10:08:09.090287,228.365629066782,1.9529396861681116,445.98429996126464,0.000123884527767,-1,ANOMALY
2026-09-25 10:08:10.090287,231.17811389481173,3.1693602514348176,732.6867251798874,0.0002035240903277,1,NORMAL
2026-09-25 10:08:11.090287,226.6023016003927,3.728597879978123,844.9088613453874,0.0002346969059292,1,NORMAL
2026-09-25 10:08:12.090287,233.36218462986096,2.624547225109943,612.4700741158957,0.0001701305761433,1,NORMAL
2026-09-25 10:08:13.090287,232.333097181954,2.713501097504527,630.4361141898581,0.0001751211428305,1,NORMAL
2026-09-25 10:08:14.090287,230.3622330204221,2.582118932489545,594.8226832126003,0.0001652285231146,1,NORMAL
2026-09-25 10:08:15.090287,234.42850304692456,2.851991386335051,668.5880714012491,0.0001857189087225,1,NORMAL
2026-09-25 10:08:16.090287,230.25289804564693,2.6560313062680865,611.5589055681921,0.0001698774737689,1,NORMAL
2026-09-25 10:08:17.090287,233.7226311944728,3.943307323044705,921.6401631504414,0.0002560111564306,-1,ANOMALY
2026-09-25 10:08:18.090287,233.26185836252589,3.478220174173811,811.3361016218116,0.0002253711393393,1,NORMAL
2026-09-25 10:08:19.090287,228.7504209061319,3.413925047981209,780.9367916676881,0.0002169268865743,1,NORMAL
2026-09-25 10:08:20.090287,229.9859144021505,3.656204310871316,840.8754916768243,0.0002335765254657,1,NORMAL
2026-09-25 10:08:21.090287,232.23180410673072,2.6753672109620377,621.3053540497065,0.0001725848205693,1,NORMAL
2026-09-25 10:08:22.090287,231.89565160567443,3.341017225021963,774.7673664222503,0.0002152131573395,1,NORMAL
2026-09-25 10:08:23.090287,224.4528742741731,3.400468319814731,763.2448882606845,0.0002120124689613,1,NORMAL
2026-09-25 10:08:24.090287,229.1364084227196,2.5569787728341637,585.8969324203532,0.0001627491478945,1,NORMAL
2026-09-25 10:08:25.090287,228.3134787914125,2.932378552183984,669.501548382451,0.0001859726523284,1,NORMAL
2026-09-25 10:08:26.090287,230.96011916017335,2.3172689889039098,535.1967218034215,0.0001486657560565,1,NORMAL
2026-09-25 10:08:27.090287,230.37969567242493,3.288379033096536,757.575760900363,0.0002104377113612,1,NORMAL
2026-09-25 10:08:28.090287,233.72361156733928,2.461654915387435,575.3468772568443,0.0001598185770157,1,NORMAL
2026-09-25 10:08:29.090287,229.3007756264444,3.13083148634824,717.902088175345,0.0001994172467153,1,NORMAL
2026-09-25 10:08:30.090287,232.2948186603832,2.847888059414093,661.5496403266674,0.0001837637889796,1,NORMAL
2026-09-25 10:08:31.090287,232.3972827439821,2.0313188417617702,472.07297921208834,0.0001311313831144,1,NORMAL
2026-09-25 10:08:32.090287,227.49330361375624,3.1743221721671104,722.1370376806907,0.0002005936215779,1,NORMAL
2026-09-25 10:08:33.090287,227.17835100382425,2.4127647366166416,548.1279142247449,0.0001522577539513,1,NORMAL
2026-09-25 10:08:34.090287,228.94444627150813,3.385719495957912,775.1416752327337,0.000215317132009,1,NORMAL
2026-09-25 10:08:35.090287,226.20807031738545,3.085149181081197,697.8856428936394,0.000193857123026,1,NORMAL
2026-09-25 10:08:36.090287,232.0659278943056,2.902527395785521,673.5777133416093,0.0001871049203726,1,NORMAL
2026-09-25 10:08:37.090287,229.2623395408149,3.200885641279287,733.8425307222909,0.0002038451474228,1,NORMAL
2026-09-25 10:08:38.090287,229.6157778945571,3.6952498906203735,848.4876781495741,0.0002356910217082,1,NORMAL
2026-09-25 10:08:39.090287,227.77717397573116,2.9741779224174576,677.4498420692598,0.0001881805116859,1,NORMAL
2026-09-25 10:08:40.090287,230.41137274992136,2.8107729740767704,647.6340594454077,0.0001798983498459,1,NORMAL
2026-09-25 10:08:41.090287,224.2574346740851,2.919547545975404,654.7302430694646,0.0001818695119637,1,NORMAL
2026-09-25 10:08:42.090287,231.8003539738249,3.3890545930630087,785.5840543086226,0.0002182177928635,1,NORMAL
2026-09-25 10:08:43.090287,230.7095569643404,2.4510688208253884,565.4850017417336,0.0001570791671504,1,NORMAL
2026-09-25 10:08:44.090287,230.79061892491697,2.713281089228881,626.1998219004063,0.0001739443949723,1,NORMAL
2026-09-25 10:08:45.090287,230.70696581189733,3.0607525057008576,706.1369236914069,0.0001961491454698,1,NORMAL
2026-09-25 10:08:46.090287,228.04724945743325,2.553772080321548,582.3806986585163,0.000161772416294,1,NORMAL
2026-09-25 10:08:47.090287,230.71004490884303,2.8894434523557493,666.6236286545574,0.0001851732301818,1,NORMAL
2026-09-25 10:08:48.090287,228.31943713868571,2.538584905136584,579.6082766695487,0.0001610022990748,1,NORMAL
2026-09-25 10:08:49.090287,229.3923383040276,3.7840523973591047,868.0326276951663,0.0002411201743597,1,NORMAL
2026-09-25 10:08:50.090287,228.9478439355761,2.992990230871205,685.2386602782046,0.0001903440722995,1,NORMAL
2026-09-25 10:08:51.090287,230.20328857537905,2.4344868042540284,560.4268683326424,0.0001556741300924,1,NORMAL
2026-09-25 10:08:52.090287,226.4743350323146,2.4866796326321348,563.1691162387631,0.0001564358656218,1,NORMAL
2026-09-25 10:08:53.090287,230.4941547556126,3.0436655289577046,701.5471134559007,0.0001948741981821,1,NORMAL
2026-09-25 10:08:54.090287,231.40481313830213,3.0483749474795583,705.4086350969887,0.0001959468430824,1,NORMAL
2026-09-25 10:08:55.090287,229.7809014170616,2.6979938625374364,619.9474617515519,0.0001722076282643,1,NORMAL
2026-09-25 10:08:56.090287,231.76921357972537,2.5404099306396417,588.7888117944744,0.0001635524477206,1,NORMAL
2026-09-25 10:08:57.090287,227.779200965408,3.2835277586940514,747.919329223068,0.0002077553692286,1,NORMAL
2026-09-25 10:08:58.090287,227.33368537869268,4.207395499329316,956.4827247082584,0.0002656896457522,-1,ANOMALY
2026-09-25 10:08:59.090287,230.1599867611183,3.173953058162443,730.5169938470788,0.0002029213871797,1,NORMAL
2026-09-25 10:09:00.090287,228.38316035095323,2.842367577879227,649.148890315142,0.0001803191361986,1,NORMAL
2026-09-25 10:09:01.090287,229.1464857662353,2.729082506165679,625.3596656539755,0.0001737110182372,1,NORMAL
2026-09-25 10:09:02.090287,231.26592350301965,2.7752119808873594,641.8119616765597,0.0001782811004657,1,NORMAL
2026-09-25 10:09:03.090287,232.03500245816835,4.331591175059912,1005.080768952807,0.0002791891024868,-1,ANOMALY
2026-09-25 10:09:04.090287,229.4089175197069,3.0761577567883123,705.6980211046565,0.0001960272280846,1,NORMAL
2026-09-25 10:09:05.090287,230.758964114331,3.905752406296759,901.2873793640956,0.0002503576053789,1,NORMAL
2026-09-25 10:09:06.090287,229.8347044299236,2.5854915401708185,594.2356839412281,0.0001650654677614,1,NORMAL
2026-09-25 10:09:07.090287,227.4673189887486,2.971008026283883,675.8072304328483,0.0001877242306757,1,NORMAL
2026-09-25 10:09:08.090287,229.10323956189225,4.0050046446500005,917.55953854974,0.0002548776495971,1,NORMAL
2026-09-25 10:09:09.090287,233.53972484135397,2.482813586038201,579.8356017157367,0.000161065444921,1,NORMAL
2026-09-25 10:09:10.090287,228.57847979290165,3.036885053943443,694.1665689361763,0.0001928240469267,1,NORMAL
2026-09-25 10:09:11.090287,232.79445284511752,3.028506568185525,705.019529478594,0.0001958387581884,1,NORMAL
2026-09-25 10:09:12.090287,228.7055187240239,2.9705590950486376,679.3832587334657,0.0001887175718704,1,NORMAL
2026-09-25 10:09:13.090287,228.7430302722079,3.301238604719741,755.1353220951892,0.0002097598116931,1,NORMAL
2026-09-25 10:09:14.090287,228.5819325766706,2.7447819737865164,627.4075680697304,0.0001742798800193,1,NORMAL
2026-09-25 10:09:15.090287,232.3238676269122,2.615817526342964,607.7168447262596,0.0001688102346461,1,NORMAL
2026-09-25 10:09:16.090287,227.1077439348797,3.0474968756781524,692.1101400838596,0.0001922528166899,1,NORMAL
2026-09-25 10:09:17.090287,229.2790531915908,3.255707750464977,746.4655904951339,0.0002073515529153,1,NORMAL
2026-09-25 10:09:18.090287,230.63494386946215,2.984040752678319,688.2240714981518,0.0001911733531939,1,NORMAL
2026-09-25 10:09:19.090287,229.87791314906,2.6320707753385824,605.0549370954617,0.0001680708158598,1,NORMAL
2026-09-25 10:09:20.090287,230.16669414198648,3.440642390716384,791.9212847959711,0.0002199781346655,1,NORMAL
2026-09-25 10:09:21.090287,228.05310651720103,2.997301311819233,683.543875328458,0.0001898732987023,1,NORMAL
2026-09-25 10:09:22.090287,232.07677751146923,3.252712046608349,754.8789299496017,0.0002096885916526,1,NORMAL
2026-09-25 10:09:23.090287,232.61894579270145,2.715928835082833,631.7765024649682,0.0001754934729069,1,NORMAL
2026-09-25 10:09:24.090287,226.33846310321027,3.1003259019778437,701.7229997727392,0.0001949230554924,1,NORMAL
2026-09-25 10:09:25.090287,230.72514163005297,3.6842109772363374,850.0400995178499,0.000236122249866,1,NORMAL
2026-09-25 10:09:26.090287,232.376291469414,3.268371811506231,759.4921207009884,0.000210970033528,1,NORMAL
2026-09-25 10:09:27.090287,231.53078042834088,2.904089270896681,672.3860553242799,0.0001867739042567,1,NORMAL
2026-09-25 10:09:28.090287,227.5617707773616,3.058860608690455,696.079736674718,0.0001933554824096,1,NORMAL
2026-09-25 10:09:29.090287,231.96514692725555,3.328180434914274,772.0218635853068,0.0002144505176625,1,NORMAL
2026-09-25 10:09:30.090287,231.66761467831876,2.786122156476624,645.454274193353,0.0001792928539425,1,NORMAL
2026-09-25 10:09:31.090287,229.46890632396315,3.2417127440573017,743.8722779952825,0.000206631188332,1,NORMAL
2026-09-25 10:09:32.090287,228.9069852109825,2.742141465033499,627.6953357828451,0.0001743598154952,1,NORMAL
2026-09-25 10:09:33.090287,230.5959644727549,3.380452371578454,779.5186749783452,0.0002165329652717,1,NORMAL
2026-09-25 10:09:34.090287,229.6009426533412,2.418405269473181,555.2681295888499,0.000154241147108,1,NORMAL
2026-09-25 10:09:35.090287,228.52839216991435,3.101836042446549,708.857603555,0.0001969048898763,1,NORMAL
2026-09-25 10:09:36.090287,230.38304192773197,3.120619068827674,718.9377137742058,0.0001997049204928,1,NORMAL
2026-09-25 10:09:37.090287,231.04259058119152,3.002905279271225,693.7990149927602,0.0001927219486091,1,NORMAL
2026-09-25 10:09:38.090287,230.5301120896806,2.977486588585567,686.4003170121515,0.0001906667547255,1,NORMAL
2026-09-25 10:09:39.090287,232.2974669658589,3.716171015608751,863.2571137378561,0.0002397936427049,1,NORMAL
2026-09-25 10:09:40.090287,227.62197743523996,2.8723740289488733,653.8154564029696,0.0001816154045563,1,NORMAL
2026-09-25 10:09:41.090287,230.0654489830814,2.8665426439928394,659.4924204193619,0.0001831923390053,1,NORMAL
2026-09-25 10:09:42.090287,233.58584518266176,3.1119776390448672,726.9139270058396,0.0002019205352793,1,NORMAL
2026-09-25 10:09:43.090287,228.3892563458993,3.2982211697803354,753.2782802304329,0.0002092439667306,1,NORMAL
2026-09-25 10:09:44.090287,230.5419490776924,3.1520964597767107,726.6904615178169,0.0002018584615327,1,NORMAL
2026-09-25 10:09:45.090287,233.6157523175984,3.1753925878774045,741.8217283207055,0.0002060615912001,1,NORMAL
2026-09-25 10:09:46.090287,229.392676952252,2.0223617868449493,463.91498405030256,0.0001288652733473,1,NORMAL
2026-09-25 10:09:47.090287,229.66920196371296,3.6529849586635934,838.9781402417146,0.0002330494834004,1,NORMAL
2026-09-25 10:09:48.090287,229.81766176088763,1.8799750507402484,432.05147032992994,0.0001200142973138,1,NORMAL
2026-09-25 10:09:49.090287,229.0032752156151,3.496344269456396,800.6742889868618,0.0002224095247185,1,NORMAL
2026-09-25 10:09:50.090287,231.09163434912404,2.580059551744632,596.2301785307354,0.0001656194940363,1,NORMAL
2026-09-25 10:09:51.090287,228.86943044720184,2.794645670448792,639.6089628973534,0.0001776691563603,1,NORMAL
2026-09-25 10:09:52.090287,228.67457245627412,1.9851630661302089,453.9563154033118,0.0001260989765009,1,NORMAL
2026-09-25 10:09:53.090287,231.52718220123973,3.6285299783445466,840.1033214188383,0.0002333620337274,1,NORMAL
2026-09-25 10:09:54.090287,226.9631021120705,3.621926466293157,822.0436664117045,0.0002283454628921,1,NORMAL
2026-09-25 10:09:55.090287,229.7939535972056,3.612566174083937,830.1458637742787,0.0002305960732706,1,NORMAL
2026-09-25 10:09:56.090287,230.0759008725809,3.067772296079315,705.8204746923943,0.0001960612429701,1,NORMAL
2026-09-25 10:09:57.090287,230.74486929396443,2.604966837432361,601.082732418442,0.0001669674256717,1,NORMAL
2026-09-25 10:09:58.090287,232.38934828865604,2.439309680962608,566.86958703311,0.0001574637741758,1,NORMAL
2026-09-25 10:09:59.090287,229.19586651096665,3.2621323388215844,747.6672480696593,0.000207685346686,1,NORMAL
2026-09-25 10:10:00.090287,228.98160951902904,3.388765620407472,775.965006043654,0.0002155458350121,1,NORMAL
2026-09-25 10:10:01.090287,232.7517323463679,3.5062730005269183,816.0911149519376,0.0002266919763755,1,NORMAL
2026-09-25 10:10:02.090287,226.12776937264275,3.0629234848096787,692.6120553790943,0.0001923922376053,1,NORMAL
2026-09-25 10:10:03.090287,232.0573652213928,19.69152409224241,4569.563198039353,0.0012693231105664,-1,ANOMALY
2026-09-25 10:10:04.090287,230.70126019854712,3.244593565073832,748.5318242946297,0.0002079255067485,1,NORMAL
2026-09-25 10:10:05.090287,231.26944293712356,3.5548499209781115,822.1281609496855,0.0002283689335971,1,NORMAL
2026-09-25 10:10:06.090287,230.81963731385704,2.8793711726907287,664.6154097724492,0.0001846153916034,1,NORMAL
2026-09-25 10:10:07.090287,231.34514740240547,3.949940967447608,913.799675344967,0.0002538332431513,1,NORMAL
2026-09-25 10:10:08.090287,229.73473250723487,2.5127353476646794,577.2625829572189,0.0001603507174881,1,NORMAL
2026-09-25 10:10:09.090287,232.21416133857397,2.939809418023201,682.6653785014987,0.0001896292718059,1,NORMAL
2026-09-25 10:10:10.090287,225.65466090797196,3.423710838575211,772.5763083256375,0.0002146045300904,1,NORMAL
2026-09-25 10:10:11.090287,228.9293436280921,2.9547333588479194,676.4251684370822,0.0001878958801214,1,NORMAL
2026-09-25 10:10:12.090287,230.663960661138,3.0952498398895334,713.9625873046731,0.0001983229409179,1,NORMAL
2026-09-25 10:10:13.090287,231.41890363427808,2.7822568147150784,643.8668216903623,0.0001788518949139,1,NORMAL
2026-09-25 10:10:14.090287,231.02621159635217,2.8702266612080414,663.0975919617404,0.0001841937755449,1,NORMAL
2026-09-25 10:10:15.090287,231.47762096177505,3.307683742006527,765.6547634936124,0.0002126818787482,1,NORMAL
2026-09-25 10:10:16.090287,228.1291225959108,3.542991058087516,808.2594414466627,0.0002245165115129,1,NORMAL
2026-09-25 10:10:17.090287,228.9280731097719,3.4040288991405725,779.2777766902293,0.0002164660490806,1,NORMAL
2026-09-25 10:10:18.090287,230.73457462680267,3.919091838397561,904.2699882560352,0.0002511861078488,1,NORMAL
2026-09-25 10:10:19.090287,229.5530680352563,2.825341601940901,648.5658329731798,0.0001801571758258,1,NORMAL
2026-09-25 10:10:20.090287,229.96116078822453,2.848410108582862,655.0236949706276,0.0001819510263807,1,NORMAL
2026-09-25 10:10:21.090287,231.5998838038841,2.191844695781706,507.63097685920286,0.0001410086046831,1,NORMAL
2026-09-25 10:10:22.090287,227.8926351617073,2.466098539210404,562.0056946690958,0.0001561126929636,1,NORMAL
2026-09-25 10:10:23.090287,231.90061518394717,3.8553066862909615,894.0479922736589,0.0002483466645204,1,NORMAL
2026-09-25 10:10:24.090287,229.79110156292504,2.915589138404995,669.9764398189833,0.0001861045666163,1,NORMAL
2026-09-25 10:10:25.090287,230.14010432622635,3.580939151304096,824.117709866993,0.0002289215860741,1,NORMAL
2026-09-25 10:10:26.090287,228.1452937316189,3.1191844913673927,711.627261986124,0.0001976742394405,1,NORMAL
2026-09-25 10:10:27.090287,231.95039525956489,3.2505470849699227,753.9656811686,0.0002094349114357,1,NORMAL
2026-09-25 10:10:28.090287,230.3791632331975,3.5005230462835706,806.4475702813324,0.000224013213967,1,NORMAL
2026-09-25 10:10:29.090287,224.59353541400156,3.338937659765454,749.9038135336759,0.0002083066148704,1,NORMAL
2026-09-25 10:10:30.090287,228.69184863374517,2.0846835515717714,476.7501352253098,0.0001324305931181,1,NORMAL
2026-09-25 10:10:31.090287,231.02240519905,3.686829272581479,851.740166110037,0.0002365944905861,1,NORMAL
2026-09-25 10:10:32.090287,229.72510297074464,3.4764372736014693,798.6249106494322,0.0002218402529581,1,NORMAL
2026-09-25 10:10:33.090287,233.2245565159773,3.657457226792024,853.0088396947259,0.0002369468999152,1,NORMAL
2026-09-25 10:10:34.090287,233.2799290587428,3.3710637455359462,786.4015114111253,0.0002184448642808,1,NORMAL
2026-09-25 10:10:35.090287,230.1508672778032,2.199017094051416,506.10569135464783,0.0001405849142651,1,NORMAL
2026-09-25 10:10:36.090287,229.5078750237401,2.578376702341904,591.7577579652088,0.0001643771549903,1,NORMAL
2026-09-25 10:10:37.090287,234.3418854349956,2.912057093783832,682.416949851657,0.0001895602638476,1,NORMAL
2026-09-25 10:10:38.090287,230.24640961356897,3.275742688020234,754.2279927345602,0.0002095077757596,1,NORMAL
2026-09-25 10:10:39.090287,230.0872048927449,3.8475255202153766,885.2663926998604,0.0002459073313055,1,NORMAL
2026-09-25 10:10:40.090287,228.7547012765311,3.097303727618621,708.522788974084,0.0001968118858261,1,NORMAL
2026-09-25 10:10:41.090287,228.5150588286039,2.339988744389647,534.7226655824712,0.0001485340737729,1,NORMAL
2026-09-25 10:10:42.090287,228.77646181818943,2.981481601475794,682.0928117616613,0.0001894702254893,1,NORMAL
2026-09-25 10:10:43.090287,229.14139555096548,2.653789510063072,608.0930318343653,0.0001689147310651,1,NORMAL
2026-09-25 10:10:44.090287,227.18736507265632,2.9584472136856528,672.1218271837853,0.000186700507551,1,NORMAL
2026-09-25 10:10:45.090287,226.990559251938,3.380027981844801,767.2344418861508,0.0002131206783017,1,NORMAL
2026-09-25 10:10:46.090287,230.164879505869,2.271224250267535,522.7560558936349,0.000145210015526,1,NORMAL
2026-09-25 10:10:47.090287,229.38158184590029,2.6239217972047086,601.8793324827536,0.0001671887034674,1,NORMAL
2026-09-25 10:10:48.090287,230.63834902083835,3.670225223011572,846.4946859700273,0.0002351374127694,1,NORMAL
2026-09-25 10:10:49.090287,226.2496550607085,3.0575130395737085,691.7612705471699,0.0001921559084853,1,NORMAL
2026-09-25 10:10:50.090287,229.67973440886672,3.3356700382252327,766.1358084551857,0.0002128155023486,1,NORMAL
2026-09-25 10:10:51.090287,230.42639325647536,2.6240153341305903,604.642389293397,0.0001679562192481,1,NORMAL
2026-09-25 10:10:52.090287,229.3618921286668,2.601987071598256,596.7966780361046,0.00016577685501,1,NORMAL
2026-09-25 10:10:53.090287,232.1520142771972,3.010655824335971,698.9298139149712,0.0001941471705319,1,NORMAL
2026-09-25 10:10:54.090287,233.802381371506,2.9696695930926897,694.3158227516221,0.0001928655063198,1,NORMAL
2026-09-25 10:10:55.090287,228.5831864661791,2.2431428036935865,512.7447297669588,0.0001424290916019,1,NORMAL
2026-09-25 10:10:56.090287,226.39372064748807,2.2079320284972552,499.8619468682494,0.0001388505407967,1,NORMAL
2026-09-25 10:10:57.090287,230.53425330202296,3.254362511614967,750.2420315892524,0.0002084005643303,1,NORMAL
2026-09-25 10:10:58.090287,226.8376185959357,3.447519157038058,782.0270356463809,0.0002172297321239,1,NORMAL
2026-09-25 10:10:59.090287,229.03387789663316,3.0733965059927746,703.911920081488,0.0001955310889115,1,NORMAL
2026-09-25 10:11:00.090287,233.2244412565109,3.448419657932766,804.2557479393377,0.0002234043744275,1,NORMAL
2026-09-25 10:11:01.090287,229.46293870418836,2.554403887292356,586.1410226155064,0.0001628169507265,1,NORMAL
2026-09-25 10:11:02.090287,225.6963691973414,2.64042334037879,595.9339610674087,0.0001655372114076,1,NORMAL
2026-09-25 10:11:03.090287,229.5777395223446,2.506410236424408,575.4159963939809,0.0001598377767761,1,NORMAL
2026-09-25 10:11:04.090287,229.7374860658154,3.038425941479384,698.0403373926321,0.0001939000937201,1,NORMAL
2026-09-25 10:11:05.090287,229.55028803638385,2.6749987095882704,614.0467242829426,0.000170568534523,1,NORMAL
2026-09-25 10:11:06.090287,230.33730934393344,3.2209703247847044,741.9096380875642,0.0002060860105798,1,NORMAL
2026-09-25 10:11:07.090287,227.81920184511432,3.705466189873135,844.1763498409545,0.0002344934305113,1,NORMAL
2026-09-25 10:11:08.090287,229.80282373543147,3.009424811472424,691.5743194958316,0.0001921039776377,1,NORMAL
2026-09-25 10:11:09.090287,231.41642884651316,3.116608065631751,721.2343086627391,0.0002003428635174,1,NORMAL
2026-09-25 10:11:10.090287,231.9062732678265,3.143562082600912,729.0117673620249,0.0002025032687116,1,NORMAL
2026-09-25 10:11:11.090287,228.77512525071916,3.180751762603051,727.6768828809586,0.0002021324674669,1,NORMAL
2026-09-25 10:11:12.090287,227.71254758535864,3.054279852888261,695.4978463398205,0.0001931938462055,1,NORMAL
2026-09-25 10:11:13.090287,229.93354001871108,2.89594157136373,665.8740971910113,0.0001849650269975,1,NORMAL
2026-09-25 10:11:14.090287,229.74292497712213,2.0590754772511803,473.05802289234987,0.0001314050063589,1,NORMAL
2026-09-25 10:11:15.090287,228.90255018451808,3.046422450570557,697.3338678749695,0.0001937038521874,1,NORMAL
2026-09-25 10:11:16.090287,230.3197127839948,2.486162429537021,572.6122167053253,0.0001590589490848,1,NORMAL
2026-09-25 10:11:17.090287,232.5314156817294,2.56691257589275,596.8878152035758,0.0001658021708898,1,NORMAL
2026-09-25 10:11:18.090287,231.93891440105347,3.2135971809358423,745.3582414685451,0.0002070439559634,1,NORMAL
2026-09-25 10:11:19.090287,228.7075453803124,3.887655446304756,889.1361344087635,0.0002469822595579,1,NORMAL
2026-09-25 10:11:20.090287,227.61272633648704,3.459577086805001,787.4437726989278,0.0002187343813052,1,NORMAL
2026-09-25 10:11:21.090287,232.00116463608595,2.6646898954616773,618.2111591411192,0.0001717253219836,1,NORMAL
2026-09-25 10:11:22.090287,232.78493060012863,2.8749767427005235,669.2512615265254,0.0001859031282018,1,NORMAL
2026-09-25 10:11:23.090287,230.57738725855967,3.1301609193856104,721.7443264907853,0.0002004845351363,1,NORMAL
2026-09-25 10:11:24.090287,229.7313825170589,3.4054041365798917,782.3282003258097,0.0002173133889793,1,NORMAL
2026-09-25 10:11:25.090287,231.58697744110444,2.1257340133809097,492.29231500263313,0.0001367478652785,1,NORMAL
2026-09-25 10:11:26.090287,232.6086804857563,2.168754005982163,504.471007629709,0.0001401308354526,1,NORMAL
2026-09-25 10:11:27.090287,232.0650924086833,3.563352568413792,826.9297430736656,0.0002297027064093,1,NORMAL
2026-09-25 10:11:28.090287,227.8180671395696,2.794592856022708,636.6587429011428,0.0001768496508058,1,NORMAL
2026-09-25 10:11:29.090287,227.7885906630281,2.8925394848556323,658.8874926924259,0.0001830243035256,1,NORMAL
2026-09-25 10:11:30.090287,229.38393143162853,3.3898302661346698,777.5725933318942,0.0002159923870366,1,NORMAL
2026-09-25 10:11:31.090287,232.6206174922392,3.697841905394978,860.1942674216582,0.0002389428520615,1,NORMAL
2026-09-25 10:11:32.090287,228.8756639468434,2.895389063127736,662.6840942077895,0.0001840789150577,1,NORMAL
2026-09-25 10:11:33.090287,226.6331236155581,2.5970649667519057,588.5809456475199,0.0001634947071243,1,NORMAL
2026-09-25 10:11:34.090287,231.9297032661949,3.807791411774116,883.1399322323362,0.0002453166478423,1,NORMAL
2026-09-25 10:11:35.090287,227.53130225624017,2.703767870423553,615.1918245560522,0.0001708866179322,1,NORMAL
2026-09-25 10:11:36.090287,229.94718848608213,3.1400805794098035,722.0527008550322,0.0002005701946819,1,NORMAL
2026-09-25 10:11:37.090287,228.3807929601567,3.2120305222320447,733.5660776795805,0.0002037683549109,1,NORMAL
2026-09-25 10:11:38.090287,229.05232130585816,2.9927738645608604,685.501800821169,0.0001904171668947,1,NORMAL
2026-09-25 10:11:39.090287,231.0925684960074,3.003211134905469,694.0197749011141,0.0001927832708058,1,NORMAL
2026-09-25 10:11:40.090287,229.12722821894687,2.9451950980370847,674.8243893772667,0.0001874512192714,1,NORMAL
2026-09-25 10:11:41.090287,229.8232740815893,2.814994485058936,646.9512490778623,0.0001797086802994,1,NORMAL
2026-09-25 10:11:42.090287,229.4824078746658,3.7993235852523584,871.8779246387193,0.0002421883123996,1,NORMAL
2026-09-25 10:11:43.090287,231.1218388958825,2.85225984098542,659.2195394574276,0.0001831165387381,1,NORMAL
2026-09-25 10:11:44.090287,231.39390880902147,2.833090255121995,655.5598281414262,0.0001820999522615,1,NORMAL
2026-09-25 10:11:45.090287,232.34624927517328,3.184821096099047,739.9812362910598,0.0002055503434141,1,NORMAL
2026-09-25 10:11:46.090287,229.78539571199155,3.223858462905139,740.7955926181102,0.000205776553505,1,NORMAL
2026-09-25 10:11:47.090287,226.858247695863,2.4366162655450974,552.7664963087984,0.0001535462489746,1,NORMAL
2026-09-25 10:11:48.090287,227.6121499872019,3.071471547381853,699.1042425241016,0.0001941956229233,1,NORMAL
2026-09-25 10:11:49.090287,233.46502999897015,4.115650073096316,960.8603677806952,0.0002669056577168,-1,ANOMALY
2026-09-25 10:11:50.090287,231.2761022028815,3.2504222374722285,751.7449855961459,0.0002088180515544,1,NORMAL
2026-09-25 10:11:51.090287,226.39788453169453,2.728663100132989,617.763553469804,0.0001716009870749,1,NORMAL
2026-09-25 10:11:52.090287,228.42443249618356,2.689576200874442,614.3649173399857,0.0001706569214833,1,NORMAL
2026-09-25 10:11:53.090287,229.6637123628304,2.7639547111514364,634.7800997657735,0.0001763278054904,1,NORMAL
2026-09-25 10:11:54.090287,226.0414003792484,3.3739551280587667,762.65354196315,0.0002118482061008,1,NORMAL
2026-09-25 10:11:55.090287,227.8545139485204,3.1196234320555747,710.820280813438,0.0001974500780037,1,NORMAL
2026-09-25 10:11:56.090287,234.14816533949997,2.5403077042067883,594.8083883378166,0.000165224552316,1,NORMAL
2026-09-25 10:11:57.090287,224.93942495450733,2.856997889059945,642.6514622613853,0.0001785142950726,1,NORMAL
2026-09-25 10:11:58.090287,232.20191926999715,3.9791737271102967,923.9717765437588,0.0002566588268177,1,NORMAL
2026-09-25 10:11:59.090287,227.5409008110952,3.248349611618261,739.1323967769902,0.0002053145546602,1,NORMAL
2026-09-25 10:12:00.090287,229.06937908643988,2.947025822847932,675.0733753914803,0.0001875203820531,1,NORMAL
2026-09-25 10:12:01.090287,235.28868669403408,2.2485148358024234,529.0501027280039,0.0001469583618688,-1,ANOMALY
2026-09-25 10:12:02.090287,230.5074793229892,3.233846585882717,745.4258250290794,0.0002070627291747,1,NORMAL
2026-09-25 10:12:03.090287,232.1715726498787,3.048991576735448,707.8891693669023,0.0001966358803796,1,NORMAL
2026-09-25 10:12:04.090287,230.61610107900825,2.8041757162891043,646.6880704310283,0.0001796355751197,1,NORMAL
2026-09-25 10:12:05.090287,230.5382538824902,2.8284038622512946,652.0552876779049,0.0001811264687994,1,NORMAL
2026-09-25 10:12:06.090287,231.2431437797121,2.815194831978183,650.9945032990335,0.0001808318064719,1,NORMAL
2026-09-25 10:12:07.090287,230.7542007878044,2.985368593157511,688.8863437710733,0.0001913573177141,1,NORMAL
2026-09-25 10:12:08.090287,232.25210050154436,2.974303138205757,690.7881513766222,0.0001918855976046,1,NORMAL
2026-09-25 10:12:09.090287,226.45393506358624,3.630960750356996,822.2453499797736,0.0002284014861054,1,NORMAL
2026-09-25 10:12:10.090287,228.18853539827475,2.67311683067559,609.9746145403409,0.0001694373929278,1,NORMAL
2026-09-25 10:12:11.090287,228.808677411913,3.6872190465854087,843.6677133772222,0.0002343521426047,1,NORMAL
2026-09-25 10:12:12.090287,225.72865157204265,4.568874266829997,1031.3258274537402,0.0002864793965149,-1,ANOMALY
2026-09-25 10:12:13.090287,232.1121136181321,3.11161945706458,722.2445689545642,0.0002006234913762,1,NORMAL
2026-09-25 10:12:14.090287,229.89021199876743,3.1427770374288286,722.4936793993717,0.000200692688722,1,NORMAL
2026-09-25 10:12:15.090287,231.04224485675869,3.3226077929750284,767.6627632675111,0.0002132396564631,1,NORMAL
2026-09-25 10:12:16.090287,231.1112089320069,3.044790340627624,703.6851765669472,0.0001954681046019,1,NORMAL
2026-09-25 10:12:17.090287,229.6053231593853,2.924363358173244,671.449393888833,0.0001865137205246,1,NORMAL
2026-09-25 10:12:18.090287,229.61018343929464,3.5668850484335324,818.9931302777007,0.0002274980917438,1,NORMAL
2026-09-25 10:12:19.090287,231.18711344456173,1.52980568266786,353.6713599070697,9.824204441863048e-05,-1,ANOMALY
2026-09-25 10:12:20.090287,231.31180155305952,3.097368097359388,716.4577946731722,0.0001990160540758,1,NORMAL
2026-09-25 10:12:21.090287,229.9625824871082,2.805740773455557,645.2153940532163,0.0001792264983481,1,NORMAL
2026-09-25 10:12:22.090287,232.24822543997203,3.473763231061429,806.7753460126404,0.0002241042627812,1,NORMAL
2026-09-25 10:12:23.090287,228.4542446643528,3.2035261435622675,731.8591453900248,0.0002032942070527,1,NORMAL
2026-09-25 10:12:24.090287,228.05668653091743,2.310190917605534,526.8544859229379,0.0001463484683119,1,NORMAL
2026-09-25 10:12:25.090287,228.7465655508201,3.4311967361913798,784.8744691329612,0.0002180206858702,1,NORMAL
2026-09-25 10:12:26.090287,231.90625009075217,3.2565427100486466,755.2126081477572,0.000209781280041,1,NORMAL
2026-09-25 10:12:27.090287,231.450191573696,3.2580891435574797,754.0853564405577,0.0002094681545668,1,NORMAL
2026-09-25 10:12:28.090287,228.7170368095541,3.2159612723369704,735.5451327031952,0.0002043180924175,1,NORMAL
2026-09-25 10:12:29.090287,231.60081905045536,3.377145664906787,782.1497020451066,0.0002172638061236,1,NORMAL
2026-09-25 10:12:30.090287,232.37782674294928,3.354151923600532,779.4305345719745,0.0002165084818255,1,NORMAL
2026-09-25 10:12:31.090287,230.7028964150832,3.535075119158214,815.5520690346951,0.0002265422413985,1,NORMAL
2026-09-25 10:12:32.090287,229.94695748150187,2.559062674386141,588.4486759795684,0.0001634579655498,1,NORMAL
