timestamp,voltage,current,power,energy
2026-09-25 09:55:53.090287,230.99342830602245,2.930867849414408,677.0112124481332,0.0001880586701244814
2026-09-25 09:55:54.090287,231.2953770762014,3.761514928204013,870.0210136967078,0.00024167250380464106
2026-09-25 09:55:55.090287,229.53169325055333,2.8829315215254097,661.7241536611214,0.00018381226490586704
2026-09-25 09:55:56.090287,233.15842563101478,3.3837173645764542,788.9422135049725,0.00021915061486249237
2026-09-25 09:55:57.090287,229.06105122813008,3.2712800217929825,749.3228406534809,0.0002081452335148558
2026-09-25 09:55:58.090287,229.0731646143751,2.7671351232148718,633.8763995904194,0.0001760767776640054
2026-09-25 09:55:59.090287,230.48392454313208,2.043359877671101,470.96160385960957,0.00013082266773878042
2026-09-25 09:56:00.090287,226.55016433497394,2.718856235379514,615.9573269283975,0.0001710992574801104
2026-09-25 09:56:01.090287,227.97433775933115,3.157123666297637,719.7431770485153,0.00019992866029125425
2026-09-25 09:56:02.090287,228.18395184895758,2.293848149332354,523.4193356560744,0.0001453942599044651
2026-09-25 09:56:03.090287,232.9312975378431,2.887111849756732,672.4987093007179,0.0001868051970279772
2026-09-25 09:56:04.090287,230.13505640937584,2.287625906893272,526.4629171264327,0.00014623969920178685
2026-09-25 09:56:05.090287,228.91123455094964,3.055461294854933,699.4294171278859,0.00019428594920219055
2026-09-25 09:56:06.090287,227.6980128451554,3.1878490091728358,725.8668846390523,0.00020162969017751452
2026-09-25 09:56:07.090287,228.79872262016238,2.8541531251033616,653.0265891859937,0.00018139627477388714
2026-09-25 09:56:08.090287,228.79658677554121,3.926139092254469,898.2872235138442,0.0002495242287538456
2026-09-25 09:56:09.090287,229.97300555052414,2.4711445355220496,568.2965359837597,0.00015786014888437768
2026-09-25 09:56:10.090287,231.64508982420637,2.389578175014489,553.5340509931943,0.00015375945860922064
2026-09-25 09:56:11.090287,230.41772719000951,2.020164938060112,465.48181357675736,0.0001293005037713215
2026-09-25 09:56:12.090287,227.34362790220314,3.0984306179345618,704.4084574845084,0.000195669015967919
2026-09-25 09:56:13.090287,231.4769331599908,3.085684140594985,714.264701565349,0.00019840686154593028
2026-09-25 09:56:14.090287,229.76870343522353,2.8494481522053556,654.7140074381181,0.0001818650020661439
2026-09-25 09:56:15.090287,227.04295601926515,2.6400778958026456,599.4110895841542,0.00016650308044004284
2026-09-25 09:56:16.090287,229.07872245808042,3.5285611131094576,808.3182719063767,0.00022453285330732687
2026-09-25 09:56:17.090287,230.68723657913694,2.118479922318633,488.70627902807007,0.0001357517441744639
2026-09-25 09:56:18.090287,230.64816793878958,2.8074588597918417,647.5352425745115,0.00017987090071514206
2026-09-25 09:56:19.090287,228.64615599938807,3.305838144420434,755.8671840778821,0.00020996310668830058
2026-09-25 09:56:20.090287,232.0619990449919,3.4656400595580994,804.2433601914573,0.00022340093338651593
2026-09-25 09:56:21.090287,228.3215649535547,2.8453938120743927,649.6647680819862,0.00018046243557832948
2026-09-25 09:56:22.090287,230.66252686280714,3.4877725635611796,804.4984326337923,0.0002234717868427201
2026-09-25 09:56:23.090287,229.04165152430943,2.9071705116680913,665.8631352552313,0.00018496198201534204
2026-09-25 09:56:24.090287,227.78733005198794,2.4018966879596646,547.1216336110448,0.00015197823155862355
2026-09-25 09:56:25.090287,231.62505164478839,3.6781200142854114,851.9447382645882,0.00023665131618460781
2026-09-25 09:56:26.090287,229.85597975683933,3.501766448946012,804.9019580021137,0.00022358387722280936
2026-09-25 09:56:27.090287,230.72327205009526,2.677440122697438,617.7477458269614,0.00017159659606304483
2026-09-25 09:56:28.090287,230.72279121101684,3.7690182832329846,869.598418432869,0.0002415551162313525
2026-09-25 09:56:29.090287,229.9283479217801,3.782321827907003,869.6630091991447,0.0002415730581108735
2026-09-25 09:56:30.090287,224.7605097918205,3.410951252187612,766.6471423167362,0.00021295753953242674
2026-09-25 09:56:31.090287,230.17409413647636,2.8504963247670663,656.1104093926145,0.00018225289149794848
2026-09-25 09:56:32.090287,230.18352155307102,2.006215542699554,461.79775861308883,0.00012827715517030243
2026-09-25 09:56:33.090287,229.560656224325,3.178556285755873,729.6714668040713,0.00020268651855668649
2026-09-25 09:56:34.090287,232.95578808948304,2.7408648908631763,638.5003406978261,0.00017736120574939616
2026-09-25 09:56:35.090287,228.3830127942136,2.749121478207732,627.8526457303639,0.00017440351270287883
2026-09-25 09:56:36.090287,231.83080423540414,3.1643755548298422,733.5997297790556,0.0002037777027164043
2026-09-25 09:56:37.090287,228.94047959246592,3.256633716556678,745.5752849254806,0.0002071042458126335
2026-09-25 09:56:38.090287,230.1941550986961,3.4843224952664444,802.0706728892396,0.00022279740913589988
2026-09-25 09:56:39.090287,228.5958938122453,2.836168926701116,648.3365708017581,0.00018009349188937725
2026-09-25 09:56:40.090287,229.2157836937357,2.2682425259339407,519.9169881894068,0.00014442138560816854
2026-09-25 09:56:41.090287,230.59224055412915,3.1305276360899446,721.8753817226018,0.0002005209393673894
2026-09-25 09:56:42.090287,230.01022691328492,2.8827064333124266,663.0519608505775,0.00018418110023627152
2026-09-25 09:56:43.090287,227.16925851589917,2.7896773386173206,633.7289325123037,0.00017603581458675103
2026-09-25 09:56:44.090287,229.31457096694646,2.5988613653891903,595.9567790067948,0.00016554354972410967
2026-09-25 09:56:45.090287,229.67742857666798,3.202025428407269,735.4329666336853,0.0002042869351760237
2026-09-25 09:56:46.090287,233.77237180242105,3.0872889064159197,721.7228500921523,0.0002004785694700423
2026-09-25 09:56:47.090287,230.51510078144554,2.962777042116916,682.964848456534,0.0001897124579045928
2026-09-25 09:56:48.090287,226.1624575694019,2.9867430622753917,675.4891510925638,0.00018763587530348994
2026-09-25 09:56:49.090287,230.12046041988205,4.231621056242643,973.7825857850246,0.0002704951627180624
2026-09-25 09:56:50.090287,229.61527807043777,3.150773671166806,723.4657726419803,0.0002009627146227723
2026-09-25 09:56:51.090287,229.93057646058952,2.415660981190234,555.4343219384237,0.00015428731164956216
2026-09-25 09:56:52.090287,232.28564562903003,3.375966516343387,784.1885618708111,0.0002178301560752253
2026-09-25 09:56:53.090287,231.5820638940861,2.5453062726026303,589.4472798518805,0.00016373535551441126
2026-09-25 09:56:54.090287,232.8055886218722,2.2990744686038598,535.2373849488396,0.00014867705137467765
2026-09-25 09:56:55.090287,231.17371418760055,4.095227812904989,946.7090239536104,0.0002629747288760029
2026-09-25 09:56:56.090287,228.01892734973862,2.716851135198614,619.4934816169077,0.00017208152267136326
2026-09-25 09:56:57.090287,230.19930273017528,2.7482621729419003,632.6480359309419,0.00017573556553637275
2026-09-25 09:56:58.090287,226.89867313786775,3.0342814874030135,688.4744434185395,0.0001912429009495943
2026-09-25 09:56:59.090287,227.87539257254778,3.236796215317591,737.5862082428329,0.00020488505784523135
2026-09-25 09:57:00.090287,228.1611515315324,3.77496720250877,861.3008639181684,0.000239250239977269
2026-09-25 09:57:01.090287,228.43349341532752,2.8389692418971624,648.5156616252328,0.00018014323934034248
2026-09-25 09:57:02.090287,231.62703443473933,2.3845678417830225,552.3303776006481,0.00015342510488906895
2026-09-25 09:57:03.090287,230.45491986920825,3.653571377141214,841.9834989555113,0.0002338843052654198
2026-09-25 09:57:04.090287,226.78503353087754,3.0923169292661523,701.2911984917246,0.00019480311069214573
2026-09-25 09:57:05.090287,230.51976558849685,3.390911435888655,781.672109332406,0.00021713114148122386
2026-09-25 09:57:06.090287,227.52609857824385,2.3397716934578616,532.3591249762779,0.00014787753471563275
2026-09-25 09:57:07.090287,231.0438831312338,3.148492336616593,727.4398954608293,0.00020206663762800813
2026-09-25 09:57:08.090287,230.50098570069176,3.173224104748488,731.4312839937216,0.00020317535666492269
2026-09-25 09:57:09.090287,228.63995055684302,3.116126848580502,712.471088588297,0.0001979086357189714
2026-09-25 09:57:10.090287,230.58614494659736,2.642824290986816,609.3986650298743,0.0001692774069527429
2026-09-25 09:57:11.090287,233.7315490222895,3.2369164604558938,756.5694983581026,0.00021015819398836184
2026-09-25 09:57:12.090287,227.6173930055947,3.328276804316915,757.573689399608,0.00021043713594433555
2026-09-25 09:57:13.090287,228.05063665954535,3.393542301871226,773.8994824728321,0.00021497207846467558
2026-09-25 09:57:14.090287,232.31719115801482,2.5896588408241445,601.6222679577859,0.00016711729665494051
2026-09-25 09:57:15.090287,231.92675225848865,3.206390463468249,743.6477266647812,0.00020656881296243922
2026-09-25 09:57:16.090287,231.64412031998899,3.9483964913269736,914.6228319079678,0.00025406189775221326
2026-09-25 09:57:17.090287,229.50922376799426,2.6231319178212553,602.0329703002064,0.00016723138063894622
2026-09-25 09:57:18.090287,228.22097114074896,2.5920948575172806,591.5704056715351,0.00016432511268653756
2026-09-25 09:57:19.090287,229.84579658117178,3.170575987408322,728.7435634470011,0.00020242876762416697
2026-09-25 09:57:20.090287,230.55338159866002,3.413591624518012,787.015092429491,0.00021861530345263638
2026-09-25 09:57:21.090287,230.0260037837558,3.726767038578658,857.2533289172709,0.00023812592469924193
2026-09-25 09:57:22.090287,229.4706863335241,4.360084583294809,1000.5116018008773,0.00027791988938913255
2026-09-25 09:57:23.090287,231.25133469553,2.5714212217918586,594.6445896037778,0.00016517905266771608
2026-09-25 09:57:24.090287,227.85821500387777,3.2412362076215926,738.5422966745942,0.00020515063796516507
2026-09-25 09:57:25.090287,229.5530744293483,3.357000247046046,770.6097275695016,0.0002140582576581949
2026-09-25 09:57:26.090287,230.94647524914708,2.9635855436715635,684.4296354102748,0.00019011934316952078
2026-09-25 09:57:27.090287,228.30641256386318,2.242576387657068,511.9945699664125,0.000142220713879559
2026-09-25 09:57:28.090287,229.10697009586596,3.428199397161736,785.4243767681996,0.00021817343799116658
2026-09-25 09:57:29.090287,230.42818748826042,2.3771306106440058,547.75789803356,0.0001521549716759889
2026-09-25 09:57:30.090287,230.34636185170237,3.1926586898644183,735.4173138444913,0.0002042825871790254
2026-09-25 09:57:31.090287,228.23228512759772,3.076862552972764,702.239371488508,0.00019506649208014113
2026-09-25 09:57:32.090287,230.116417436892,2.4285148510846883,558.8411372238958,0.00015523364922885992
2026-09-25 09:57:33.090287,230.71557472069657,3.280392263184117,756.83758630985,0.00021023266286384726
2026-09-25 09:57:34.090287,232.16610248635055,3.5269010260174514,818.8268650655825,0.0002274519069626618
2026-09-25 09:57:35.090287,227.2446612640858,2.5310874800424386,575.1761170320125,0.00015977114362000346
2026-09-25 09:57:36.090287,231.03007053441732,3.2568929754561045,752.4402138426722,0.00020901117051185336
2026-09-25 09:57:37.090287,231.0300953726121,4.92636574532736,1138.1387479833493,0.00031614965221759704
2026-09-25 09:57:38.090287,231.14178102138632,3.5677828200902995,824.6636753331761,0.00022907324314810445
2026-09-25 09:57:39.090287,231.9080035269864,3.325695625652899,771.2554328835957,0.00021423762024544326
2026-09-25 09:57:40.090287,229.3694615107193,3.379484610246634,775.1505652360335,0.00021531960145445374
2026-09-25 09:57:41.090287,228.45434957092485,2.8815906966299956,658.3119283282339,0.00018286442453562053
2026-09-25 09:57:42.090287,229.02927290434178,3.0409370696931615,696.4636060196844,0.0001934621127832457
2026-09-25 09:57:43.090287,234.62931713334703,2.0663674037041257,484.8303728777062,0.00013467510357714063
2026-09-25 09:57:44.090287,231.37252038074902,2.193642064405174,507.54849325465455,0.00014098569257073738
2026-09-25 09:57:45.090287,229.05613626842114,3.544475298483683,811.8838169695312,0.00022552328249153645
2026-09-25 09:57:46.090287,230.12856003819093,2.461127611035347,566.3757531977973,0.00015732659811049926
2026-09-25 09:57:47.090287,228.56939258148006,3.3397988744673377,763.3758000813101,0.00021204883335591948
2026-09-25 09:57:48.090287,228.53926673656574,3.1082292947909873,710.3524438806451,0.0001973201233001792
2026-09-25 09:57:49.090287,230.09114367980763,2.6741998261970914,615.3096964380316,0.00017091936012167544
2026-09-25 09:57:50.090287,234.28788817865066,3.3169595111590056,777.1234390435328,0.00021586762195653688
2026-09-25 09:57:51.090287,225.94971482668478,3.093227157384714,698.9137941052329,0.00019414272058478692
2026-09-25 09:57:52.090287,228.67642707046323,3.426216667398112,783.49498586987,0.0002176374960749639
2026-09-25 09:57:53.090287,228.4149585231346,2.9426317792665504,672.1411158100269,0.00018670586550278525
2026-09-25 09:57:54.090287,231.0099745579609,3.432877597085061,793.0289663632138,0.00022028582398978162
2026-09-25 09:57:55.090287,227.59940718588845,2.832749382079526,644.7320800674919,0.0001790922444631922
2026-09-25 09:57:56.090287,229.0501093776781,2.673335383713144,612.3277620427127,0.00017009104501186466
2026-09-25 09:57:57.090287,233.5309084805622,3.2024908554804776,747.8805988810487,0.0002077446108002913
2026-09-25 09:57:58.090287,227.47823209132991,3.458930973527388,786.8315027839529,0.00021856430632887582
2026-09-25 09:57:59.090287,234.24431239402526,3.5162326302755735,823.6574946963366,0.00022879374852676014
2026-09-25 09:58:00.090287,226.96126006809197,2.7578829635668742,625.9325925314615,0.00017387016459207262
2026-09-25 09:58:01.090287,232.53382229837325,2.6461652671906095,615.3229240130286,0.0001709230344480635
2026-09-25 09:58:02.090287,230.88763885629245,3.387317026714668,782.0896303558667,0.0002172471195432963
2026-09-25 09:58:03.090287,228.14613905684382,2.9702373219691,677.6481770897897,0.00018823560474716378
2026-09-25 09:58:04.090287,223.51746531986186,2.487806179332855,556.0681314115695,0.00015446336983654708
2026-09-25 09:58:05.090287,229.49486369721367,2.3761084090175753,545.3046754572916,0.0001514735209603588
2026-09-25 09:58:06.090287,233.26482260786327,2.2849293110196838,532.9936304065137,0.00014805378622403159
2026-09-25 09:58:07.090287,229.11991102660602,3.0653702886430456,702.3373677974962,0.00019509371327708228
2026-09-25 09:58:08.090287,232.88254657813224,2.2820689244102805,531.4540225834853,0.00014762611738430146
2026-09-25 09:58:09.090287,232.32632750430992,3.0051165305097935,698.1676872558338,0.00019393546868217606
2026-09-25 09:58:10.090287,228.0369826979041,3.231051737131635,736.7992890763197,0.00020466646918786659
2026-09-25 09:58:11.090287,230.39811939114693,2.6998915614206025,622.0499383113341,0.00017279164953092616
2026-09-25 09:58:12.090287,230.13960416998003,2.80734320156912,646.0808531784018,0.00017946690366066716
2026-09-25 09:58:13.090287,230.2270346905025,3.3310653372605232,766.9012949578089,0.00021302813748828026
2026-09-25 09:58:14.090287,233.1720336322907,2.3810922505865753,555.2041223353597,0.00015422336731537768
2026-09-25 09:58:15.090287,234.26606674931253,2.023956100238749,474.14423487620905,0.00013170673191005808
2026-09-25 09:58:16.090287,229.69642980992884,3.2941586032422885,756.6564703924156,0.0002101823528867821
2026-09-25 09:58:17.090287,230.56198373547008,2.688650240089703,619.9005329259298,0.00017219459247942495
2026-09-25 09:58:18.090287,229.58375549928545,2.753499532670584,632.15876347604,0.00017559965652112224
2026-09-25 09:58:19.090287,228.8212704861116,3.4248010485105125,783.6673270823426,0.00021768536863398403
2026-09-25 09:58:20.090287,230.7140309719301,2.653545202369673,612.2101100049332,0.0001700583638902592
2026-09-25 09:58:21.090287,231.7991997508665,3.1536497604383045,731.0134907641109,0.0002030593029900308
2026-09-25 09:58:22.090287,231.62572423767793,3.314814420961806,767.7962909687773,0.000213276747491327
2026-09-25 09:58:23.090287,228.34200997815586,2.7199094799015153,621.0695975993525,0.00017251933266648683
2026-09-25 09:58:24.090287,231.49458721024652,3.3051851327167325,765.1324679517039,0.00021253679665325108
2026-09-25 09:58:25.090287,229.9581968120717,3.058663691654391,703.3647871873982,0.00019537910755205504
2026-09-25 09:58:26.090287,232.55532979157684,2.704214305582085,628.8794496617417,0.00017468873601715048
2026-09-25 09:58:27.090287,231.09419476234007,2.898903673783053,669.919810186484,0.00018608883616291224
2026-09-25 09:58:28.090287,229.56463759354557,3.549388425993595,814.8140676919448,0.00022633724102554025
2026-09-25 09:58:29.090287,231.65083269797606,3.4067548180003193,789.1775903876159,0.0002192159973298933
2026-09-25 09:58:30.090287,232.61095761430866,3.0105019208163797,700.2757347008137,0.0001945210374168927
2026-09-25 09:58:31.090287,231.36390594258992,2.844866621703272,658.1994534829694,0.00018283318152304706
2026-09-25 09:58:32.090287,230.6483327049769,2.9349284728161575,676.9363588634109,0.00018803787746205858
2026-09-25 09:58:33.090287,230.19399192998543,3.2975785127184567,759.0827615452058,0.00021085632265144605
2026-09-25 09:58:34.090287,228.36355863353305,4.04619363784273,924.0031780581268,0.00025666754946059077
2026-09-25 09:58:35.090287,227.9879652370006,2.392905693606134,545.5537000892961,0.0001515426944692489
2026-09-25 09:58:36.090287,232.31622174700013,3.395831346981468,788.9067082207608,0.00021914075228354467
2026-09-25 09:58:37.090287,231.24823963410432,3.31417275463214,766.3966153519928,0.00021288794870888688
2026-09-25 09:58:38.090287,229.97550645430618,2.551372814257084,586.7532551125214,0.00016298701530903373
2026-09-25 09:58:39.090287,230.15160911638745,2.6614191442439443,612.5298985809027,0.00017014719405025074
2026-09-25 09:58:40.090287,231.9502394668355,2.9264713092489307,678.7957209731131,0.00018855436693697588
2026-09-25 09:58:41.090287,228.34900560641498,2.839307079173503,648.352948140524,0.00018009804115014553
2026-09-25 09:58:42.090287,230.82586290855124,2.7181377235980126,627.4164855537964,0.00017428235709827678
2026-09-25 09:58:43.090287,228.35555920886713,3.121843605745956,712.8903423527439,0.00019802509509798442
2026-09-25 09:58:44.090287,230.48993314221744,2.746528412314435,633.0471501275548,0.00017584643059098744
2026-09-25 09:58:45.090287,229.05792338876336,3.116024968678818,713.7502085531064,0.00019826394682030733
2026-09-25 09:58:46.090287,227.10383131700536,2.296268112811722,521.4912861506116,0.0001448586905973921
2026-09-25 09:58:47.090287,228.56311155749512,2.8932764241440765,661.2962620983132,0.00018369340613842033
2026-09-25 09:58:48.090287,230.621815131196,3.737678108474776,861.9901097525882,0.0002394416971534967
2026-09-25 09:58:49.090287,231.71531924640405,2.9200307350182864,676.6158539740741,0.00018794884832613168
2026-09-25 09:58:50.090287,229.9619675841946,2.4987353176810956,574.6140901260624,0.00015961502503501732
2026-09-25 09:58:51.090287,229.9629737280152,2.855670680539931,656.6985216848675,0.00018241625602357433
2026-09-25 09:58:52.090287,230.64543712067618,2.5863845282238387,596.5377900743412,0.000165704941687317
2026-09-25 09:58:53.090287,231.03869302848236,3.766369456501289,870.1770766924532,0.00024171585463679253
2026-09-25 09:58:54.090287,229.7824797030863,3.2008558610494706,735.5005969241048,0.00020430572136780688
2026-09-25 09:58:55.090287,231.38028798342222,2.7993897640570817,647.723609785372,0.00017992322494038112
2026-09-25 09:58:56.090287,230.44818496362083,3.0062962003908975,692.7955028431121,0.0001924431952341978
2026-09-25 09:58:57.090287,230.19535219709766,2.6134951080722666,601.6144268680872,0.00016711511857446867
2026-09-25 09:58:58.090287,230.0490203485179,3.248999145622725,747.4290705636795,0.00020761918626768875
2026-09-25 09:58:59.090287,232.9022872155901,3.4796354130426033,810.4150463739868,0.00022511529065944076
2026-09-25 09:59:00.090287,234.30636491502312,2.616326218555975,613.0218857017188,0.00017028385713936632
2026-09-25 09:59:01.090287,231.74464127344135,3.091671002869176,716.4781874954178,0.00019902171874872717
2026-09-25 09:59:02.090287,234.37960586643536,2.595850857322424,608.4145008272781,0.00016900402800757724
2026-09-25 09:59:03.090287,228.32055631563844,2.700303677277989,616.5348378172747,0.0001712596771714652
2026-09-25 09:59:04.090287,225.7522085513804,2.7371224891596193,617.9114470034358,0.0001716420686120655
2026-09-25 09:59:05.090287,228.48173467689261,3.075196893238104,702.626320640033,0.0001951739779555647
2026-09-25 09:59:06.090287,230.68351195155432,3.938085419607943,908.4513749603708,0.00025234760415565854
2026-09-25 09:59:07.090287,231.9008476763721,2.7115481721687984,628.8103196412617,0.0001746695332336838
2026-09-25 09:59:08.090287,228.20317065730327,3.245959585753253,740.738269294359,0.00020576063035954417
2026-09-25 09:59:09.090287,227.35953358595873,3.915729382927177,890.2784061511569,0.0002472995572642103
2026-09-25 09:59:10.090287,232.35888024144256,2.765412173947648,642.5680761445288,0.00017849113226236913
2026-09-25 09:59:11.090287,226.57373094181824,3.676936187082706,833.0971503423121,0.0002314158750950867
2026-09-25 09:59:12.090287,229.77092030949476,3.618908155986731,831.5198575166078,0.0002309777381990577
2026-09-25 09:59:13.090287,226.81114468241125,15.281877483254636,3466.10012487335,0.0009628055902425973
2026-09-25 09:59:14.090287,230.5187786179994,3.1511741451658213,726.4048151562434,0.00020177911532117873
2026-09-25 09:59:15.090287,233.0324666458678,3.156229240548974,735.5038852249414,0.00020430663478470597
2026-09-25 09:59:16.090287,229.37395258356713,2.2004382637312587,504.72322196816054,0.0001402008949911557
2026-09-25 09:59:17.090287,227.26281976891627,3.2677459049876023,742.6371486558116,0.00020628809684883657
2026-09-25 09:59:18.090287,232.12089362822093,3.770685498459091,875.2548874932979,0.0002431263576370272
2026-09-25 09:59:19.090287,228.34421384216859,2.8480677822845366,650.339798714971,0.00018064994408749195
2026-09-25 09:59:20.090287,230.48466737216623,4.023699460565119,927.4010317739162,0.0002576113977149767
2026-09-25 09:59:21.090287,230.2297229364278,3.7756314273664855,869.2625774326553,0.00024146182706462647
2026-09-25 09:59:22.090287,230.3399458058146,3.576622593214228,823.8390542888174,0.0002288441817468937
2026-09-25 09:59:23.090287,232.05315969310416,3.0830440662540757,715.4301170473342,0.00019873058806870394
2026-09-25 09:59:24.090287,227.95923350547568,2.8654527810355246,653.2064196109918,0.00018144622766971995
2026-09-25 09:59:25.090287,232.97809034776895,3.438912584240057,801.1912867491596,0.0002225531352080999
2026-09-25 09:59:26.090287,229.1326993464563,2.8288456806878,648.1810468505593,0.000180050290791822
2026-09-25 09:59:27.090287,226.53825379246888,3.7221693959909055,843.2137552875483,0.0002342260431354301
2026-09-25 09:59:28.090287,231.7721271204923,2.9314610894790736,679.4309722795207,0.00018873082563320017
2026-09-25 09:59:29.090287,230.40026883834685,1.914567085934795,441.1167713084271,0.00012253243647456307
2026-09-25 09:59:30.090287,229.0265710079145,3.667222820432068,839.8914676855295,0.00023330318546820264
2026-09-25 09:59:31.090287,231.96309475346015,3.165350278531966,734.2444465870019,0.00020395679071861164
2026-09-25 09:59:32.090287,229.9705634827301,3.3982027148481633,781.4865931621754,0.00021707960921171538
2026-09-25 09:59:33.090287,229.43722978689783,2.1676534019024962,497.34039167065384,0.00013815010879740386
2026-09-25 09:59:34.090287,229.98760172065226,3.2015596635427888,736.3190287837843,0.00020453306355105118
2026-09-25 09:59:35.090287,232.24535536959604,2.2794021197520005,529.3805553320138,0.00014705015425889274
2026-09-25 09:59:36.090287,229.75417738689708,2.9623481726224385,680.6118675344462,0.00018905885209290172
2026-09-25 09:59:37.090287,227.79749619030576,3.243836637461647,738.9378640641438,0.00020526051779559551
2026-09-25 09:59:38.090287,231.4947360632236,2.8546538459844784,660.837338628043,0.00018356592739667858
2026-09-25 09:59:39.090287,234.11018521724296,2.8403199962331707,664.9478403943864,0.0001847077334428851
2026-09-25 09:59:40.090287,229.10663305861866,2.7621643260156987,632.8301686880855,0.00017578615796891265
2026-09-25 09:59:41.090287,228.36900185342301,2.7204872533830717,621.2749586100524,0.00017257637739168124
2026-09-25 09:59:42.090287,227.13182226153495,2.9042335880433536,659.643867125443,0.00018323440753484528
2026-09-25 09:59:43.090287,230.1149480060486,1.858598754979601,427.69135586623753,0.0001188031544072882
2026-09-25 09:59:44.090287,229.79610097504028,3.021067040870965,694.2294267763504,0.0001928415074378751
2026-09-25 09:59:45.090287,231.02917798138108,3.6023175362879125,832.2404592365103,0.0002311779053434751
2026-09-25 09:59:46.090287,231.70270852920103,2.689818138732224,623.2381481952306,0.0001731217078320085
2026-09-25 09:59:47.090287,228.5271756554847,3.289752200774927,751.7977790495091,0.00020883271640264144
2026-09-25 09:59:48.090287,228.90544032732495,2.385972990438188,546.1621979853577,0.00015171172166259937
2026-09-25 09:59:49.090287,234.7482834868012,2.8446378676914033,667.7738565821112,0.00018549273793947533
2026-09-25 09:59:50.090287,228.74695163462292,1.9039349718790106,435.5193209278752,0.000120977589146632
2026-09-25 09:59:51.090287,231.70280418475767,2.5060320771017293,580.6546596414235,0.0001612929610115065
2026-09-25 09:59:52.090287,230.05724111913565,3.4843115781522105,801.5911088691591,0.00022266419690809976
2026-09-25 09:59:53.090287,228.05546290455186,3.0397412259087693,693.2295923846743,0.00019256377566240953
2026-09-25 09:59:54.090287,233.0475748203876,1.7716264715682604,412.87325268658344,0.00011468701463516207
2026-09-25 09:59:55.090287,228.37898830604155,2.5477290581064644,581.8477847682585,0.00016162438465784957
2026-09-25 09:59:56.090287,229.6261897548792,2.976104561313231,683.3915507264735,0.00018983098631290932
2026-09-25 09:59:57.090287,227.8774747341068,2.6728133269434924,609.0739513795496,0.00016918720871654153
2026-09-25 09:59:58.090287,228.45355005909434,2.8246053774135653,645.291125986137,0.00017924753499614916
2026-09-25 09:59:59.090287,230.4364454650622,3.45528206118554,796.2229162587895,0.0002211730322941082
2026-09-25 10:00:00.090287,232.11066199309283,3.3268171306676617,772.1897265292325,0.00021449714625812016
2026-09-25 10:00:01.090287,228.2520517610298,2.9983520398363233,684.3800049945097,0.00019010555694291936
2026-09-25 10:00:02.090287,234.74865880698476,3.507266346343649,823.3260708830453,0.00022870168635640147
2026-09-25 10:00:03.090287,229.11899088225294,3.79101909148189,868.594468655686,0.0002412762412932461
2026-09-25 10:00:04.090287,229.22386162040516,2.665799015848366,611.0647447166381,0.0001697402068657328
2026-09-25 10:00:05.090287,232.79146387185713,2.345175354994051,545.9368039252673,0.00015164911220146314
2026-09-25 10:00:06.090287,226.17244483946328,3.4706422890302377,784.9636516732,0.00021804545879811112
2026-09-25 10:00:07.090287,230.0553818632324,3.063682739268578,704.8167024902266,0.00019578241735839627
2026-09-25 10:00:08.090287,229.27715432114604,2.880753316307971,660.4909226642959,0.00018346970074008219
2026-09-25 10:00:09.090287,229.08378019433724,2.6870035348728,615.5489271642077,0.00017098581310116882
2026-09-25 10:00:10.090287,229.23617955526248,2.79327438059115,640.3195474563074,0.00017786654096008537
2026-09-25 10:00:11.090287,228.34283245796252,2.727415400334078,622.7857578017512,0.00017299604383381976
2026-09-25 10:00:12.090287,224.99448095667557,3.342321100777584,752.0038012599971,0.00020888994479444363
2026-09-25 10:00:13.090287,230.7805065379663,2.9575455837520837,682.543867927431,0.00018959551886873083
2026-09-25 10:00:14.090287,230.4746487695195,3.136788701569314,722.9502742583848,0.0002008195206273291
2026-09-25 10:00:15.090287,228.5519964067914,2.7337098488897977,624.7948435606713,0.00017355412321129758
2026-09-25 10:00:16.090287,231.05663321926076,3.103751742579568,717.1424279888487,0.0001992062299969024
2026-09-25 10:00:17.090287,234.0866409793646,3.8098060777186555,891.8247075159281,0.0002477290854210911
2026-09-25 10:00:18.090287,231.8660242807767,2.6191325421360903,607.2878496094992,0.000168691069335972
2026-09-25 10:00:19.090287,228.87088599346086,2.498976638185633,571.9429972585061,0.0001588730547940295
2026-09-25 10:00:20.090287,230.5595146995734,1.6295225777701492,375.70193472268346,0.00010436164853407875
2026-09-25 10:00:21.090287,229.082761446114,2.8466418003390914,652.1165644696166,0.00018114349013044907
2026-09-25 10:00:22.090287,226.95141893366002,3.3988681572893173,771.3779510652449,0.00021427165307367916
2026-09-25 10:00:23.090287,227.72171654282025,3.1338713328516308,713.6505593413093,0.00019823626648369702
2026-09-25 10:00:24.090287,235.5675548469781,2.1944971950223895,516.9523383499763,0.00014359787176388233
2026-09-25 10:00:25.090287,229.7028971899859,2.7962699311823673,642.3113045178322,0.00017841980681050895
2026-09-25 10:00:26.090287,228.79606264220723,3.38012554731768,773.359416462621,0.00021482206012850584
2026-09-25 10:00:27.090287,232.2126582096569,3.385819074650668,786.2300475415924,0.0002183972354282201
2026-09-25 10:00:28.090287,228.55332183509753,4.216924039201208,963.7919970857132,0.0002677199991904759
2026-09-25 10:00:29.090287,226.4595136233162,2.4836854654828526,562.4542025065465,0.00015623727847404072
2026-09-25 10:00:30.090287,230.33945856878074,3.044696959572825,701.3138491740174,0.00019480940254833817
2026-09-25 10:00:31.090287,230.9760881587575,3.790067047537601,875.4148604996467,0.0002431707945832352
2026-09-25 10:00:32.090287,229.7602981612688,3.0568647301064904,702.3461518279337,0.00019509615328553714
2026-09-25 10:00:33.090287,228.8109678945515,3.294164259230321,753.740912558128,0.00020937247571059113
2026-09-25 10:00:34.090287,229.36304297869933,2.8404714894668284,651.4991843183502,0.00018097199564398616
2026-09-25 10:00:35.090287,231.08696630592755,3.5174604635402993,812.8392676205694,0.00022578868545015818
2026-09-25 10:00:36.090287,225.58378689665224,3.1803892123367143,717.444242324177,0.0001992900673122714
2026-09-25 10:00:37.090287,229.4595933626449,3.4738084688307045,797.0986786776056,0.0002214162996326682
2026-09-25 10:00:38.090287,229.49975479785098,3.6505262165811496,837.7948715885005,0.00023272079766347236
2026-09-25 10:00:39.090287,228.64717395903193,1.8848350461870556,430.96220668961166,0.00011971172408044768
2026-09-25 10:00:40.090287,232.10318608134332,2.5782275188772648,598.4148215740099,0.00016622633932611387
2026-09-25 10:00:41.090287,226.83949612651296,3.0080267093219653,682.3392630776874,0.0001895386841882465
2026-09-25 10:00:42.090287,229.52164266793966,3.4115524878725036,783.0251310643933,0.00021750698085122035
2026-09-25 10:00:43.090287,231.78482163963042,3.047810222944696,706.4361489166787,0.0001962322635879663
2026-09-25 10:00:44.090287,228.23036811616404,3.143470630612149,717.4354591869611,0.00019928762755193365
2026-09-25 10:00:45.090287,230.33038876024116,3.284468337234821,756.5128689859991,0.00021014246360722197
2026-09-25 10:00:46.090287,228.2503865725106,2.7998135634162233,639.0585281807114,0.0001775162578279754
2026-09-25 10:00:47.090287,231.01875623267222,3.623663527615862,837.1342411555139,0.00023253728920986499
2026-09-25 10:00:48.090287,231.93184401591918,3.0410274355763987,705.311100836236,0.0001959197502322878
2026-09-25 10:00:49.090287,229.0252099521577,3.2019102793396526,733.3181739737358,0.0002036994927704822
2026-09-25 10:00:50.090287,227.81721912541306,2.591499280369553,590.3881594193008,0.00016399671094980577
2026-09-25 10:00:51.090287,233.01954262491924,3.201017240023461,745.8995732047482,0.00020719432589020784
2026-09-25 10:00:52.090287,229.3049465324541,3.4145693422926344,782.9776404657695,0.00021749378901826929
2026-09-25 10:00:53.090287,232.57394992769918,2.77768122087718,646.0162931793996,0.00017944897032761098
2026-09-25 10:00:54.090287,229.14518411510105,2.723677113326497,624.1174936032871,0.00017336597044535754
2026-09-25 10:00:55.090287,231.92770063743072,3.486778723760062,808.6805720331863,0.00022463349223144065
2026-09-25 10:00:56.090287,232.7718066425822,3.504301474924418,815.7025853384222,0.00022658405148289507
2026-09-25 10:00:57.090287,226.73556384114295,3.1404821604591,712.0589933847448,0.00019779416482909576
2026-09-25 10:00:58.090287,227.8832291943059,2.7435428125142924,625.2073955485852,0.0001736687209857181
2026-09-25 10:00:59.090287,230.34118840716172,3.417782699174952,787.2561286453954,0.00021868225795705428
2026-09-25 10:01:00.090287,228.21831331509784,1.8376401692737994,419.3831399117374,0.00011649531664214927
2026-09-25 10:01:01.090287,230.36106168361087,4.321785791699275,995.5711633449898,0.0002765475453736083
2026-09-25 10:01:02.090287,229.5943075606597,3.023457717475129,694.168681082635,0.00019282463363406527
2026-09-25 10:01:03.090287,233.56432723707215,3.2951373095308942,769.6265288543593,0.0002137851469039887
2026-09-25 10:01:04.090287,230.43372207396587,3.2210583326567366,742.2404606114543,0.00020617790572540398
2026-09-25 10:01:05.090287,230.5004878651473,2.4301227859216468,560.1444877271505,0.0001555956910353196
2026-09-25 10:01:06.090287,227.3171096844006,3.9434140560621183,896.4054855128796,0.00024900152375357767
2026-09-25 10:01:07.090287,230.3677667038103,3.0500477212898494,702.6326818935883,0.0001951757449704412
2026-09-25 10:01:08.090287,229.81954467188757,3.3905366338082263,779.211585375161,0.0002164476626042114
2026-09-25 10:01:09.090287,235.07738220347497,3.2619763335538967,766.8168573015394,0.00021300468258376093
2026-09-25 10:01:10.090287,228.8238263473709,2.933299571054228,671.2088316717302,0.00018644689768659172
2026-09-25 10:01:11.090287,232.1419929344105,2.7085996992935013,628.7797322555384,0.00017466103673764954
2026-09-25 10:01:12.090287,231.70449297806053,1.8396313130109347,426.2508406477624,0.00011840301129104512
2026-09-25 10:01:13.090287,229.54024085710722,3.3140700067403346,760.7124275644913,0.00021130900765680314
2026-09-25 10:01:14.090287,232.54025109315143,2.5907628914788043,602.4566533073001,0.00016734907036313894
2026-09-25 10:01:15.090287,226.99446996473878,2.8696324175540906,651.3906896163228,0.00018094185822675632
2026-09-25 10:01:16.090287,227.74916198450623,2.925481666635235,666.2759979772114,0.00018507666610478098
2026-09-25 10:01:17.090287,229.98669309073753,2.3404274773990275,538.2671759456991,0.00014951865998491645
2026-09-25 10:01:18.090287,231.60887822022173,2.9213930533177743,676.6205679192781,0.00018795015775535502
2026-09-25 10:01:19.090287,232.1609197380107,2.077547379851953,482.32531050572373,0.0001339792529182566
2026-09-25 10:01:20.090287,227.96561565890923,3.258334654324061,742.7882654957438,0.0002063300737488177
2026-09-25 10:01:21.090287,228.40177885834947,2.917732170975152,666.4152180829585,0.00018511533835637739
2026-09-25 10:01:22.090287,230.00139823511435,3.079127990476684,708.2037431545152,0.00019672326198736533
2026-09-25 10:01:23.090287,228.64486757453258,3.074643281736239,703.0014059915086,0.00019527816833097463
2026-09-25 10:01:24.090287,228.43491258953105,3.3371402343733876,762.3193377380919,0.0002117553715939144
2026-09-25 10:01:25.090287,229.77031196103394,3.077518311797759,707.1223425675656,0.0001964228729354349
2026-09-25 10:01:26.090287,235.13985367938068,2.4464477726999894,575.2573713069222,0.00015979371425192283
2026-09-25 10:01:27.090287,232.77716453808057,1.6703243214753136,388.81335941201684,0.00010800371094778246
2026-09-25 10:01:28.090287,225.84324669016212,2.3796799611562145,537.4346485110384,0.00014928740236417733
2026-09-25 10:01:29.090287,227.64494326945012,3.101850899069425,706.1206719489521,0.00019614463109693115
2026-09-25 10:01:30.090287,230.57968452833694,2.8725893658138175,662.3607497488056,0.000183989097152446
2026-09-25 10:01:31.090287,229.70024406647508,3.2638823804658306,749.714579397269,0.0002082540498325747
2026-09-25 10:01:32.090287,231.66644775524148,2.3367304919451204,541.342052430284,0.00015037279234174556
2026-09-25 10:01:33.090287,229.27621805753398,2.965205088543495,679.8510084662076,0.00018884750235172434
2026-09-25 10:01:34.090287,230.97063199312092,2.6136664288632647,603.6801868937516,0.00016768894080381987
2026-09-25 10:01:35.090287,229.82155764881267,3.014991817263579,692.9101157419401,0.0001924750321505389
2026-09-25 10:01:36.090287,228.59105979308094,2.6358424250260573,602.5300133842709,0.00016736944816229748
2026-09-25 10:01:37.090287,230.19749155527467,2.934827427006396,675.5899118444933,0.0001876638644012481
2026-09-25 10:01:38.090287,231.00095503884125,2.473370639677502,571.3509799305327,0.0001587086055362591
2026-09-25 10:01:39.090287,229.29863694424242,2.885391974223204,661.6164467392374,0.00018378234631645483
2026-09-25 10:01:40.090287,231.62772781624722,2.5297931127160487,585.9702305436098,0.00016276950848433604
2026-09-25 10:01:41.090287,230.46930401031017,3.1263777537689434,720.5341049844452,0.00020014836249567923
2026-09-25 10:01:42.090287,233.29279448535993,2.4964553178468694,582.4050374083336,0.00016177917705787045
2026-09-25 10:01:43.090287,228.68553336376502,2.5313221588883397,578.8767580208971,0.0001607990994502492
2026-09-25 10:01:44.090287,226.6604416558632,3.8823434671313595,879.9736849197492,0.0002444371346999303
2026-09-25 10:01:45.090287,227.51699753810175,2.591847295472577,589.68931474317,0.00016380258742865834
2026-09-25 10:01:46.090287,232.63153301656433,2.1234464765308925,493.9806091140035,0.00013721683586500098
2026-09-25 10:01:47.090287,231.51270313857475,2.2934878273291113,530.9715665203793,0.00014749210181121646
2026-09-25 10:01:48.090287,232.49338947305918,1.9150611564795708,445.239059318132,0.00012367751647725887
2026-09-25 10:01:49.090287,226.49306116749867,2.7275388825205455,617.7686309554568,0.0001716023974876269
2026-09-25 10:01:50.090287,231.94364538034546,2.984520874681713,692.2406513874137,0.00019228906982983712
2026-09-25 10:01:51.090287,229.32856985422686,3.6730221037323587,842.3289060919055,0.000233980251692196
2026-09-25 10:01:52.090287,234.31047907686616,3.3361286422068863,781.6899004175506,0.0002171360834493196
2026-09-25 10:01:53.090287,228.75429099379744,2.7909284829953642,638.4368663419992,0.00017734357398388868
2026-09-25 10:01:54.090287,227.42310524048534,3.050408711127026,693.7334213371349,0.00019270372814920414
2026-09-25 10:01:55.090287,226.74081402804734,3.2759318276547504,742.787449302827,0.00020632984702856306
2026-09-25 10:01:56.090287,234.0111480912799,3.358795789896525,785.9956589978431,0.00021833212749940086
2026-09-25 10:01:57.090287,229.06170455961012,3.263468706315895,747.5357046456646,0.00020764880684601795
2026-09-25 10:01:58.090287,233.24106689033175,3.7852473176305694,882.8751228079204,0.0002452430896688668
2026-09-25 10:01:59.090287,227.99248421687327,3.2551481947911616,742.1493234245074,0.00020615258984014095
2026-09-25 10:02:00.090287,229.6837970198596,3.403296623956843,781.6820909752771,0.00021713391415979918
2026-09-25 10:02:01.090287,230.76722790763355,1.8151392952577763,418.8746634328526,0.0001163540731757924
2026-09-25 10:02:02.090287,229.3039738274063,3.099279181448146,710.677032306611,0.00019741028675183638
2026-09-25 10:02:03.090287,227.13127006568232,3.2905110049329926,747.3779437155353,0.00020760498436542645
2026-09-25 10:02:04.090287,226.95196951654594,2.6007804762914732,590.2522513745303,0.0001639589587151473
2026-09-25 10:02:05.090287,232.68262383940026,2.558111105567866,595.2280041162401,0.00016534111225451113
2026-09-25 10:02:06.090287,231.14793391840334,2.1232131410456567,490.776330821107,0.0001363267585614186
2026-09-25 10:02:07.090287,234.1626293135303,2.8477231807563714,666.8303475630016,0.0001852306521008338
2026-09-25 10:02:08.090287,230.19064161389545,3.0895183982744827,711.1782223767377,0.00019754950621576046
2026-09-25 10:02:09.090287,231.21513372866272,2.2404100085069114,518.01669972396,0.00014389352770109997
2026-09-25 10:02:10.090287,229.98932705832667,2.670615587109322,614.2130817107509,0.000170614744919653
2026-09-25 10:02:11.090287,226.62088554784347,3.493561100064355,791.7139102120824,0.00021992053061446732
2026-09-25 10:02:12.090287,229.29565403280083,3.1212602128062596,715.6914019019704,0.00019880316719499177
2026-09-25 10:02:13.090287,230.35969083745613,2.8325738638119433,652.5108395419778,0.00018125301098388273
2026-09-25 10:02:14.090287,233.95005470726156,2.976367673685495,696.3213800876464,0.0001934226055799018
2026-09-25 10:02:15.090287,226.88409536464667,2.799809319908341,635.2322047409106,0.0001764533902058085
2026-09-25 10:02:16.090287,230.99947524022423,3.2662975546852753,754.5130211107262,0.00020958695030853504
2026-09-25 10:02:17.090287,227.82443812947648,3.464741253672385,789.3527293819291,0.00021926464705053584
2026-09-25 10:02:18.090287,226.47426614225793,3.572067601308209,808.9813886168123,0.00022471705239355898
2026-09-25 10:02:19.090287,227.3613042217252,2.8868773904956617,656.3642086313043,0.0001823233912864734
2026-09-25 10:02:20.090287,232.1291373560534,3.0598028344435346,710.2693924389848,0.00019729705345527355
2026-09-25 10:02:21.090287,231.63339703542715,3.309330979854966,766.5515767783845,0.00021293099354955123
2026-09-25 10:02:22.090287,232.5725372268092,3.531104925456856,821.238031727584,0.00022812167547988445
2026-09-25 10:02:23.090287,229.0925113829271,3.3164708168967327,759.7786283710603,0.00021104961899196122
2026-09-25 10:02:24.090287,226.94689627660452,2.9710475463311075,674.2700193300662,0.00018729722759168506
2026-09-25 10:02:25.090287,231.6369694692771,3.066923827123,710.4129409078888,0.0001973369280299691
2026-09-25 10:02:26.090287,230.89327946303416,2.893363812017104,668.058259236295,0.0001855717386767486
2026-09-25 10:02:27.090287,232.25813887507027,2.959792113145504,687.4358076562861,0.00019095439101563503
2026-09-25 10:02:28.090287,229.0690996351919,3.443258706284527,788.7441716596322,0.0002190956032387867
2026-09-25 10:02:29.090287,227.18968015527108,3.2505166717586724,738.4838429962291,0.00020513440083228584
2026-09-25 10:02:30.090287,227.91503025154572,3.6389634146190826,829.3744567271763,0.00023038179353532674
2026-09-25 10:02:31.090287,229.4779454935064,3.0674923604098443,703.9218446838776,0.00019553384574552154
2026-09-25 10:02:32.090287,230.82514079328826,2.0351577018429214,469.7655630644373,0.0001304904341845659
2026-09-25 10:02:33.090287,228.69883031688627,3.5217729546432768,805.425355368562,0.0002237292653801561
2026-09-25 10:02:34.090287,231.7355300483418,3.141516102697608,728.0008992140312,0.00020222247200389756
2026-09-25 10:02:35.090287,227.30107285714897,3.2927517304292895,748.4460009788113,0.0002079016669385587
2026-09-25 10:02:36.090287,231.42679918041088,3.0235086065618724,699.7209191110384,0.00019436692197528845
2026-09-25 10:02:37.090287,232.4463419011829,2.6582841049349386,617.9084159261868,0.00017164122664616298
2026-09-25 10:02:38.090287,228.98028484500006,1.7576942104570927,402.47732098087255,0.00011179925582802015
2026-09-25 10:02:39.090287,231.83965502029534,3.156930981735067,731.9017897283402,0.0002033060527023167
2026-09-25 10:02:40.090287,226.63635934973354,2.1207005000029264,480.6278405918228,0.00013350773349772856
2026-09-25 10:02:41.090287,228.25473874525798,3.396828970990177,775.3423093356863,0.0002153728637043573
2026-09-25 10:02:42.090287,229.39927902382274,2.5976065416698377,595.8890678466263,0.00016552474106850732
2026-09-25 10:02:43.090287,227.98776821383302,2.4745440210859067,564.16576871426,0.00015671271353173892
2026-09-25 10:02:44.090287,226.13264339778488,2.3963020841768126,541.8821246745239,0.00015052281240958998
2026-09-25 10:02:45.090287,227.85884384064568,3.341311618228573,761.3474022408795,0.00021148538951135543
2026-09-25 10:02:46.090287,229.66855389370676,2.5872075784912694,594.2002231749286,0.00016505561754859128
2026-09-25 10:02:47.090287,234.61944551081237,2.6680515432266674,625.976773666108,0.00017388243712947442
2026-09-25 10:02:48.090287,232.33420582876727,3.8105542788938576,885.3221021542154,0.0002459228061539487
2026-09-25 10:02:49.090287,226.8600793246853,3.036981482036784,688.9698599224652,0.0001913805166451292
2026-09-25 10:02:50.090287,228.96493269818356,2.700537801720332,618.3284560197964,0.00017175790444994344
2026-09-25 10:02:51.090287,231.11075363361383,2.688564751788358,621.3562259785773,0.00017259895166071593
2026-09-25 10:02:52.090287,229.00806190734707,2.915942552187353,667.774352509589,0.00018549287569710803
2026-09-25 10:02:53.090287,229.25320146324685,2.4132148964939373,553.237240840033,0.0001536770113444536
2026-09-25 10:02:54.090287,231.59181300969496,3.5242654692538,816.1910295519509,0.00022671973043109748
2026-09-25 10:02:55.090287,230.68723717907042,2.811723674488867,648.6287661788207,0.00018017465727189464
2026-09-25 10:02:56.090287,228.58957852734045,2.648189968536777,605.3486287681528,0.00016815239688004247
2026-09-25 10:02:57.090287,234.7147527300654,3.468919150783322,814.2065007166959,0.00022616847242130445
2026-09-25 10:02:58.090287,228.31977984283333,3.0823489137185702,703.7612253790204,0.0001954892292719501
2026-09-25 10:02:59.090287,229.27492994980128,3.291900188078145,754.7501850233543,0.00020965282917315397
2026-09-25 10:03:00.090287,231.08699820557868,3.5418048269527356,818.4650456905367,0.00022735140158070463
2026-09-25 10:03:01.090287,228.2988870826756,3.0523676493190655,696.8521373067053,0.0001935700381407515
2026-09-25 10:03:02.090287,226.50290603008494,2.3713298497855777,537.1131021323182,0.00014919808392564396
2026-09-25 10:03:03.090287,231.76820167311837,2.5246581042973366,585.1354686724578,0.00016253763018679384
2026-09-25 10:03:04.090287,228.3181824039043,2.9958609627249753,684.0095297441773,0.00019000264715116037
2026-09-25 10:03:05.090287,231.38952206169307,2.469586602082952,571.4364635459349,0.00015873235098498193
2026-09-25 10:03:06.090287,223.03838234247982,2.564888378928244,572.0685549251809,0.00015890793192366138
2026-09-25 10:03:07.090287,232.41125615590568,3.171567525508437,737.1079925866932,0.00020475222016297031
2026-09-25 10:03:08.090287,232.64774960757444,2.4340919289336522,566.2860096043742,0.00015730166933454836
2026-09-25 10:03:09.090287,226.7212074646719,3.23127427632377,732.598405577659,0.00020349955710490528
2026-09-25 10:03:10.090287,230.4800454753701,3.1527771601886294,726.6522232539835,0.0002018478397927732
2026-09-25 10:03:11.090287,231.86599328530113,3.2108424619561298,744.4851767240797,0.000206801437978911
2026-09-25 10:03:12.090287,230.81123518628075,3.3575035069005703,774.94953156999,0.00021526375876944166
2026-09-25 10:03:13.090287,231.00483326437404,3.428722965858703,792.0515770379197,0.0002200143269549777
2026-09-25 10:03:14.090287,232.01704164955717,3.7658444006204577,873.7400771445084,0.00024270557698458567
2026-09-25 10:03:15.090287,228.70161735019263,3.240281053705374,741.0575176516054,0.0002058493104587793
2026-09-25 10:03:16.090287,229.2593532628054,2.583220506360367,592.2274626233944,0.00016450762850649846
2026-09-25 10:03:17.090287,228.62091935783926,3.2474777587807626,742.4413508065933,0.000206233708557387
2026-09-25 10:03:18.090287,230.836505109572,3.2002060146192184,738.7243720453322,0.0002052012144570367
2026-09-25 10:03:19.090287,229.54857270486133,3.001707375589205,689.0376437441572,0.0001913993454844881
2026-09-25 10:03:20.090287,231.6355053917521,2.255303470175347,522.4083591258388,0.0001451134330905108
2026-09-25 10:03:21.090287,230.04928419685717,3.044978074063395,700.4950263334088,0.0001945819517592802
2026-09-25 10:03:22.090287,231.5066085381553,2.3248757940285874,538.2241103480092,0.00014950669731889145
2026-09-25 10:03:23.090287,232.9902674910348,15.534903194134792,3619.481250648796,0.0010054114585135545
2026-09-25 10:03:24.090287,230.49876736742152,3.7887266398817374,873.2968203848532,0.00024258245010690366
2026-09-25 10:03:25.090287,229.8094089352261,3.1395107628851697,721.4891127644216,0.00020041364243456156
2026-09-25 10:03:26.090287,231.21579301943308,3.093304561578179,715.2208672559284,0.00019867246312664676
2026-09-25 10:03:27.090287,229.10713277089894,3.0970449964491538,709.5550991989245,0.0001970986386663679
2026-09-25 10:03:28.090287,232.14726349971954,2.48674235029447,577.2904316497222,0.00016035845323603398
2026-09-25 10:03:29.090287,230.26593934829376,2.6499395925304134,610.1908294902505,0.0001694974526361807
2026-09-25 10:03:30.090287,232.39009325784968,2.2384065476081125,520.1835063476307,0.0001444954184298974
2026-09-25 10:03:31.090287,228.88215630545682,3.1886059375322606,729.8150025907665,0.00020272638960854627
2026-09-25 10:03:32.090287,233.13104805846868,2.967124869463506,691.7289305383742,0.00019214692514954841
2026-09-25 10:03:33.090287,228.8896009466136,3.940578534720295,901.9574483109196,0.0002505437356419221
2026-09-25 10:03:34.090287,227.10397219916752,1.900597021689959,431.633133175697,0.00011989809254880473
2026-09-25 10:03:35.090287,230.88002890010665,2.7489728878236943,634.6829397863441,0.00017630081660731782
2026-09-25 10:03:36.090287,227.95753436573858,3.3541782236496767,764.6101976864331,0.00021239172157956477
2026-09-25 10:03:37.090287,230.4876014275424,2.717960684631636,626.4562389751068,0.00017401562193752965
2026-09-25 10:03:38.090287,227.43939120265821,3.4362286641400726,781.5337554051416,0.00021709270983476155
2026-09-25 10:03:39.090287,231.30040235591733,2.9504120681103085,682.4314984696686,0.0001895643051304635
2026-09-25 10:03:40.090287,233.69327399209533,2.464957616836924,576.0440157303735,0.00016001222659177042
2026-09-25 10:03:41.090287,226.94894965815053,2.6540459650593777,602.3329441146783,0.00016731470669852175
2026-09-25 10:03:42.090287,229.908827967289,3.121669724661346,717.6994276978597,0.00019936095213829438
2026-09-25 10:03:43.090287,229.51752788428735,3.1760276982571485,728.9540257960041,0.00020248722938777893
2026-09-25 10:03:44.090287,227.49692115161912,3.72188230203663,846.7167646020339,0.00023519910127834276
2026-09-25 10:03:45.090287,229.83569764321487,3.558647915794064,817.9043263931012,0.00022719564622030589
2026-09-25 10:03:46.090287,230.6854506927554,3.228376609576892,744.739513186195,0.0002068720869961653
2026-09-25 10:03:47.090287,231.1395345604644,3.2238542800086574,745.1601777719621,0.00020698893826998947
2026-09-25 10:03:48.090287,231.28544551973508,3.6645762650662155,847.5631541068865,0.00023543420947413516
2026-09-25 10:03:49.090287,230.39304233940294,3.354501878794256,772.8538933886517,0.00021468163705240325
2026-09-25 10:03:50.090287,229.82052861142554,3.720058607724736,854.9458356927826,0.00023748495435910627
2026-09-25 10:03:51.090287,228.64721539588146,3.9004702164554077,891.8316537270999,0.0002477310149241944
2026-09-25 10:03:52.090287,229.91968409871131,2.284612448940976,525.2773725484924,0.0001459103812634701
2026-09-25 10:03:53.090287,230.2562088298216,2.6594741712625596,612.3604401557486,0.00017010012226548573
2026-09-25 10:03:54.090287,231.68128709797745,2.6736880103488048,619.4434795360415,0.00017206763320445597
2026-09-25 10:03:55.090287,229.10763313357043,2.0552296345272345,470.8687971125077,0.0001307968880868077
2026-09-25 10:03:56.090287,229.09538736150185,1.7880603366855217,409.636375458707,0.00011378788207186306
2026-09-25 10:03:57.090287,226.83219435302854,3.3802073280721485,766.7398455947929,0.00021298329044299803
2026-09-25 10:03:58.090287,231.57160031730166,3.2127287808924825,743.9767451767258,0.00020666020699353492
2026-09-25 10:03:59.090287,228.06604771374157,2.9761443219290102,678.7574729280427,0.00018854374248001185
2026-09-25 10:04:00.090287,229.99279492181887,2.4208176554037286,556.7706185623881,0.00015465850515621892
2026-09-25 10:04:01.090287,233.0067966035343,3.438681145287836,801.2360782044912,0.00022256557727902532
2026-09-25 10:04:02.090287,229.5580716523407,3.0134429194972654,691.760145634192,0.00019215559600949776
2026-09-25 10:04:03.090287,230.41676561589512,1.9791325657878547,456.02532453392524,0.00012667370125942368
2026-09-25 10:04:04.090287,229.50564523495882,2.659007876001101,610.2573182664701,0.00016951592174068616
2026-09-25 10:04:05.090287,227.99675998021016,2.8594498535570225,651.9453019368875,0.00018109591720469098
2026-09-25 10:04:06.090287,233.59537305369903,3.320421430633505,775.6350827843306,0.00021545418966231405
2026-09-25 10:04:07.090287,228.8576420204344,3.2862913906780795,752.0928986626395,0.00020891469407295543
2026-09-25 10:04:08.090287,232.798710873172,3.4623168414563845,806.022897325519,0.00022389524925708863
2026-09-25 10:04:09.090287,230.11926073984034,2.676531611147213,615.9214757040105,0.00017108929880666957
2026-09-25 10:04:10.090287,231.3964466272272,3.196742692710875,739.7148998748505,0.00020547636107634735
2026-09-25 10:04:11.090287,231.79038644005547,3.3175859008409847,768.9845180040114,0.00021360681055666985
2026-09-25 10:04:12.090287,232.09910543063867,2.732382394219716,634.1835093928228,0.00017616208594245077
2026-09-25 10:04:13.090287,232.63478813126866,3.0987998023462,720.8886354800254,0.00020024684318889596
2026-09-25 10:04:14.090287,234.15052174525053,2.655406090955216,621.76472164268,0.00017271242267852222
2026-09-25 10:04:15.090287,233.4719276063305,3.098955391731324,723.5190888735432,0.00020097752468709534
2026-09-25 10:04:16.090287,228.6971639927711,2.7580570829728392,630.7598330060633,0.00017521106472390648
2026-09-25 10:04:17.090287,229.35930538361137,3.212082973200958,736.721119567897,0.00020464475543552693
2026-09-25 10:04:18.090287,231.045670976071,2.7131499980307106,626.8615617537312,0.00017412821159825867
2026-09-25 10:04:19.090287,229.95129081547805,4.071135179305932,936.1627895657017,0.000260045219323806
2026-09-25 10:04:20.090287,233.45508634020143,3.2181618348370162,751.2962490086167,0.00020869340250239353
2026-09-25 10:04:21.090287,230.0760069563364,3.0600156633591307,704.0361850495137,0.00019556560695819825
2026-09-25 10:04:22.090287,231.22703594546084,2.4886037174007973,575.4324612174416,0.00015984235033817822
2026-09-25 10:04:23.090287,229.48524692515332,2.1657079630612053,496.9980266708715,0.00013805500740857543
2026-09-25 10:04:24.090287,230.79844624521056,3.3235979698513707,767.0812473854326,0.0002130781242737313
2026-09-25 10:04:25.090287,229.03362707540126,3.7869933816450163,867.3488299086973,0.00024093023053019372
2026-09-25 10:04:26.090287,227.54846867399533,2.26781255989509,516.0372752437811,0.00014334368756771697
2026-09-25 10:04:27.090287,230.44890363711994,3.523549151306077,811.9980388299899,0.0002255550107861083
2026-09-25 10:04:28.090287,233.36785538291574,2.77055786856553,646.5591480013999,0.0001795997633337222
2026-09-25 10:04:29.090287,232.15736166686258,2.9807457652496465,692.0020726600312,0.0001922227979611198
2026-09-25 10:04:30.090287,229.65474540011837,3.441829968743336,790.4325851822482,0.00021956460699506895
2026-09-25 10:04:31.090287,231.30464575682683,2.211803921507875,511.6005225479395,0.00014211125626331652
2026-09-25 10:04:32.090287,232.9530806994518,3.6900456770737255,859.6075083960188,0.00023877986344333858
2026-09-25 10:04:33.090287,228.74887459698095,3.1979017667187044,731.5164302086008,0.000203199008391278
2026-09-25 10:04:34.090287,230.98806037256549,3.1303368829119536,723.0704448965348,0.00020085290136014856
2026-09-25 10:04:35.090287,228.89938969230917,2.664188316030974,609.8310795648708,0.00016939752210135301
2026-09-25 10:04:36.090287,229.9488918580171,3.586364509629682,824.6805447882663,0.00022907792910785175
2026-09-25 10:04:37.090287,231.08720030918886,2.814692833956947,650.4394867294475,0.0001806776352026243
2026-09-25 10:04:38.090287,231.5433974212967,1.5757286896849623,364.84957422386435,0.00010134710395107342
2026-09-25 10:04:39.090287,232.29753140074422,2.13014311061095,494.82698612522614,0.00013745194059034058
2026-09-25 10:04:40.090287,229.27511811719373,2.440165052686928,559.4691306802437,0.00015540809185562323
2026-09-25 10:04:41.090287,227.4106370485582,3.58041339368926,814.2240907560648,0.00022617335854335134
2026-09-25 10:04:42.090287,229.0645975973762,3.1732519408653577,726.8796789094162,0.00020191102191928227
2026-09-25 10:04:43.090287,229.90615884224164,3.238520413611561,744.5557886256216,0.000206821052396006
2026-09-25 10:04:44.090287,230.1536437821205,2.358503887905715,542.8182636757982,0.00015078285102105505
2026-09-25 10:04:45.090287,231.9925336388943,2.753121708419344,638.7036805524447,0.00017741768904234572
2026-09-25 10:04:46.090287,226.88683620268048,2.7859424195170437,632.0936614070629,0.00017558157261307302
2026-09-25 10:04:47.090287,233.0015195812686,3.4251108710567464,798.0560376905445,0.0002216822326918179
2026-09-25 10:04:48.090287,229.3026957311843,2.8253711478407855,647.8652206410026,0.0001799625612891674
2026-09-25 10:04:49.090287,229.35672989756523,4.0383739917804204,926.2282528581342,0.0002572856257939262
2026-09-25 10:04:50.090287,230.76387090446312,3.215020823595535,741.9106502913608,0.0002060862917476002
2026-09-25 10:04:51.090287,232.0605669080637,3.1193945795132567,723.8884745317873,0.00020108013181438535
2026-09-25 10:04:52.090287,229.4819157083586,2.901825075457511,665.9163773665418,0.00018497677149070606
2026-09-25 10:04:53.090287,229.85679748117187,2.981388881745079,685.2925004038962,0.00019035902788997115
2026-09-25 10:04:54.090287,231.45525908727396,3.0259729429036497,700.3773514908451,0.0001945492643030125
2026-09-25 10:04:55.090287,231.46528015443116,2.959641709945709,685.0542975493232,0.00019029286043036755
2026-09-25 10:04:56.090287,230.15727038063218,2.000899657733946,460.5216035295862,0.00012792266764710726
2026-09-25 10:04:57.090287,231.83265534940497,3.1732442379489965,735.661637755915,0.0002043504549321986
2026-09-25 10:04:58.090287,231.9960202197193,1.5518723109031554,360.02820001871095,0.00010000783333853082
2026-09-25 10:04:59.090287,234.17674940956147,2.930205185922413,686.1859255423503,0.00019060720153954176
2026-09-25 10:05:00.090287,232.21636563347502,2.4800470364372345,575.907509401525,0.00015997430816709027
2026-09-25 10:05:01.090287,231.22554781012514,2.473292218413172,571.8883480971053,0.00015885787447141814
2026-09-25 10:05:02.090287,228.7524620786084,3.957015676933393,905.177078582165,0.00025143807738393475
2026-09-25 10:05:03.090287,229.6186351984733,3.1087164365898614,713.8192253888252,0.00019828311816356257
2026-09-25 10:05:04.090287,231.74013546137752,3.2478409439863025,752.6551003163939,0.00020907086119899832
2026-09-25 10:05:05.090287,230.30083781028716,3.1824805012331128,732.9279257488885,0.00020359109048580235
2026-09-25 10:05:06.090287,234.80683117047656,2.9711906014832072,697.6558499377742,0.00019379329164938172
2026-09-25 10:05:07.090287,230.40219809342994,3.525327198003806,812.2431354186293,0.0002256230931718415
2026-09-25 10:05:08.090287,232.21105186591598,3.5935151527801903,834.4539335231957,0.0002317927593119988
2026-09-25 10:05:09.090287,231.27746044405836,2.4284975436347582,561.6567445864807,0.00015601576238513353
2026-09-25 10:05:10.090287,233.2668630646022,2.426827303490656,566.0983922847927,0.0001572495534124424
2026-09-25 10:05:11.090287,230.60527093047807,2.622862074990321,604.8458194164189,0.00016801272761567191
2026-09-25 10:05:12.090287,229.871723306814,3.16438120515174,727.4017608279235,0.00020205604467442317
2026-09-25 10:05:13.090287,230.64271443090055,3.2109603771176425,740.5846173084811,0.00020571794925235587
2026-09-25 10:05:14.090287,233.22742253811728,3.2267671507569897,752.5705857017173,0.0002090473849171437
2026-09-25 10:05:15.090287,229.5116867294187,3.482043584144179,799.169696262281,0.00022199158229507806
2026-09-25 10:05:16.090287,232.37894097784928,2.3861960924315038,554.501720924715,0.00015402825581242082
2026-09-25 10:05:17.090287,231.1948001396997,3.3505863711554493,774.6381464300858,0.0002151772628972461
2026-09-25 10:05:18.090287,229.40487299328,3.68785340665581,846.0115423717111,0.0002350032062143642
2026-09-25 10:05:19.090287,229.69988882593495,3.0627882267357713,703.5221151785892,0.00019542280977183035
2026-09-25 10:05:20.090287,229.65385635143227,3.0077895237907337,690.75046323198,0.00019187512867555
2026-09-25 10:05:21.090287,227.8074498262096,2.279974558702853,519.3951898867346,0.00014427644163520406
2026-09-25 10:05:22.090287,233.18901012644994,2.5765193258408363,600.8159911644927,0.00016689333087902575
2026-09-25 10:05:23.090287,228.0172153010874,1.9233049431981426,438.54663732285655,0.00012181851036746014
2026-09-25 10:05:24.090287,228.722076504621,2.338455103296251,534.8563070387464,0.0001485711963996518
2026-09-25 10:05:25.090287,233.28403032027273,3.5049085446713173,817.6391912048865,0.0002271219975569129
2026-09-25 10:05:26.090287,228.62369930964456,4.126217902672154,943.3512010665909,0.00026204200029627525
2026-09-25 10:05:27.090287,231.96353097398318,2.8375843082456886,658.2160755770375,0.00018283779877139932
2026-09-25 10:05:28.090287,225.00118857025285,4.145471286295371,932.7359666003134,0.0002590933240556426
2026-09-25 10:05:29.090287,227.2208550664728,2.177300626521554,494.72811009499446,0.00013742447502638734
2026-09-25 10:05:30.090287,232.0451408640193,4.219876203169637,979.2017679932212,0.0002720004911092281
2026-09-25 10:05:31.090287,232.76854563702105,3.28195456002618,763.9357897840832,0.00021220438605113425
2026-09-25 10:05:32.090287,231.18950868333056,3.4267077793901537,792.2188879185563,0.000220060802199599
2026-09-25 10:05:33.090287,231.51785717957353,3.140595711984688,727.103989506052,0.00020197333041834778
2026-09-25 10:05:34.090287,230.20840220790376,2.9687034360502387,683.4204746422392,0.00018983902073395535
2026-09-25 10:05:35.090287,228.49207082226664,2.859662461566613,653.4101976960559,0.00018150283269334887
2026-09-25 10:05:36.090287,226.61408637160923,2.950830186602625,668.6996867747191,0.00018574991299297752
2026-09-25 10:05:37.090287,228.02281778569815,2.4482053413921143,558.246680462227,0.0001550685223506186
2026-09-25 10:05:38.090287,230.35978830230695,3.6960011431722997,851.4100409062554,0.0002365027891406265
2026-09-25 10:05:39.090287,231.8366332120046,2.2147496981884114,513.4601134353046,0.0001426278092875846
2026-09-25 10:05:40.090287,228.02074372685934,3.470385593994108,791.319904161515,0.0002198110844893097
2026-09-25 10:05:41.090287,228.0350252129234,2.887683425001488,658.4929626271552,0.00018291471184087645
2026-09-25 10:05:42.090287,231.1001041980491,2.5158277725681826,581.4080603848528,0.00016150223899579245
2026-09-25 10:05:43.090287,230.21075101229192,2.3329872525408977,537.0787475095436,0.00014918854097487324
2026-09-25 10:05:44.090287,228.7972647120976,3.1598909670712683,722.974410054371,0.00020082622501510307
2026-09-25 10:05:45.090287,226.81401253293666,3.2202373689801993,730.3949589669058,0.0002028874886019183
2026-09-25 10:05:46.090287,229.96072440214664,3.2762449772085738,753.407668277778,0.00020927990785493835
2026-09-25 10:05:47.090287,230.4478282681293,3.682070214986922,848.5250845745002,0.0002357014123818056
2026-09-25 10:05:48.090287,230.25044900529582,2.7852972294373735,641.3159376911617,0.00017814331602532268
2026-09-25 10:05:49.090287,230.24459500606457,3.271649014518194,753.2795023497318,0.00020924430620825884
2026-09-25 10:05:50.090287,230.0977201406514,3.0202958456019413,694.9631882232876,0.00019304533006202435
2026-09-25 10:05:51.090287,228.5960166243865,2.668549541224526,610.0197952887607,0.00016944994313576687
2026-09-25 10:05:52.090287,227.1947894564006,3.8747883715934694,880.3317282722876,0.00024453659118674653
2026-09-25 10:05:53.090287,227.51227352921742,2.6535474011020463,603.7146021422728,0.0001676985005950758
2026-09-25 10:05:54.090287,228.5631854688616,3.4474621884722207,787.9629395806637,0.00021887859432796216
2026-09-25 10:05:55.090287,229.41010064341594,3.623871036336867,831.3526191648008,0.00023093128310133353
2026-09-25 10:05:56.090287,228.65301875151226,3.139497081111901,717.8554849577976,0.000199404301377166
2026-09-25 10:05:57.090287,228.3293058934805,4.072574563886694,929.8881233716929,0.0002583022564921369
2026-09-25 10:05:58.090287,227.62480316194097,3.154910355113514,718.1358485762829,0.00019948218016007857
2026-09-25 10:05:59.090287,231.2675537618642,3.2068995487257492,741.6518137938302,0.0002060143927205084
2026-09-25 10:06:00.090287,229.62942468224458,2.935089650133287,673.9829477509172,0.00018721748548636592
2026-09-25 10:06:01.090287,230.08762294395822,2.9264989991857555,673.3511982705232,0.0001870419995195898
2026-09-25 10:06:02.090287,231.92775823358983,4.105261500795676,952.1240968422036,0.000264478915789501
2026-09-25 10:06:03.090287,228.88501642998432,2.3150985102104613,529.8913605465536,0.0001471920445962649
2026-09-25 10:06:04.090287,229.82343590329748,4.289854668827159,985.9091395156601,0.00027386364986546114
2026-09-25 10:06:05.090287,228.39265086406053,3.8195584027220337,872.3590687277822,0.00024232196353549506
2026-09-25 10:06:06.090287,233.3554016281529,2.7232058791460028,635.4748016442627,0.00017652077823451743
2026-09-25 10:06:07.090287,231.13796615837055,3.814198311564269,881.6060402596561,0.00024489056673879337
2026-09-25 10:06:08.090287,229.24174451802503,2.898209819948819,664.3906751043385,0.00018455296530676068
2026-09-25 10:06:09.090287,228.8366381721027,2.492621634653567,570.4031551091734,0.00015844532086365927
2026-09-25 10:06:10.090287,228.70144490986797,2.3880298666188717,546.1458809836553,0.00015170718916212645
2026-09-25 10:06:11.090287,230.06816693651845,2.615013384470679,601.6313358796303,0.00016711981552211953
2026-09-25 10:06:12.090287,230.4675718235815,2.2220521768981865,512.1109696750284,0.00014225304713195235
2026-09-25 10:06:13.090287,230.6617604644289,3.416764480804462,788.1169102346877,0.00021892136395407991
2026-09-25 10:06:14.090287,226.0125287148571,3.187028284923786,720.3083217613989,0.00020008564493372193
2026-09-25 10:06:15.090287,232.4553379849466,2.3951794906543973,556.7722580346801,0.00015465896056518892
2026-09-25 10:06:16.090287,233.3451447736754,3.2095095046830227,748.9234600227471,0.0002080342944507631
2026-09-25 10:06:17.090287,228.58997628848317,2.972115461171147,679.3958027957467,0.00018872105633215187
2026-09-25 10:06:18.090287,231.11665382504344,3.0380026957062056,702.1330173430799,0.00019503694926196666
2026-09-25 10:06:19.090287,231.07751198489274,2.539663203460317,586.8590543351925,0.0001630164039819979
2026-09-25 10:06:20.090287,230.33872164807215,2.29314275154751,528.1995699479962,0.00014672210276333228
2026-09-25 10:06:21.090287,229.7775478773026,2.548046179267605,585.48380295024,0.0001626343897084
2026-09-25 10:06:22.090287,228.52894011482047,3.618046587605219,826.8283519514636,0.00022967454220873987
2026-09-25 10:06:23.090287,232.18262024118854,3.3045690604535887,767.2635032240768,0.00021312875089557687
2026-09-25 10:06:24.090287,227.81537447065483,2.841795775152599,647.4047686855141,0.00017983465796819837
2026-09-25 10:06:25.090287,232.42619539995837,3.0708584568199524,713.7479477304489,0.00019826331881401358
2026-09-25 10:06:26.090287,234.6386590799634,3.1966589196971857,750.059762453752,0.00020834993401493113
2026-09-25 10:06:27.090287,230.38409823298005,2.845441767898749,655.5445357718098,0.0001820957043810583
2026-09-25 10:06:28.090287,230.26708180956456,2.9237650818097283,673.2468532850289,0.0001870130148013969
2026-09-25 10:06:29.090287,231.4162173533772,3.478351158397292,804.9468677030391,0.00022359635213973307
2026-09-25 10:06:30.090287,228.4280210789841,2.3343835232211108,533.2386086487851,0.00014812183573577366
2026-09-25 10:06:31.090287,226.3275892537934,3.253995663456272,736.4689939523561,0.00020457472054232113
2026-09-25 10:06:32.090287,227.79326678765224,1.9235547035237586,438.1728097604308,0.00012171466937789745
2026-09-25 10:06:33.090287,230.77715720906193,4.2464997587163955,979.9951424055372,0.000272220872890427
2026-09-25 10:06:34.090287,229.9878581769202,3.419245387225821,786.3849231893807,0.00021844025644149464
2026-09-25 10:06:35.090287,230.16365871709513,2.9505551734044286,679.1105739574164,0.00018864182609928232
2026-09-25 10:06:36.090287,231.83815296597552,2.854862727905674,661.8661018090579,0.00018385169494696053
2026-09-25 10:06:37.090287,230.5347846281438,3.1608489030980067,728.6856211178035,0.0002024126725327232
2026-09-25 10:06:38.090287,228.6638190927139,3.4960211747682615,799.4135534515069,0.00022205932040319636
2026-09-25 10:06:39.090287,229.65008048660917,2.6221274202535776,602.171773107379,0.0001672699369742719
2026-09-25 10:06:40.090287,231.0730196871408,2.5507660091044815,589.4132042390894,0.00016372589006641373
2026-09-25 10:06:41.090287,230.05636231473827,2.995440501677898,689.1201453462519,0.00019142226259618109
2026-09-25 10:06:42.090287,232.17179113166316,3.2373491164399764,751.6211428823765,0.00020878365080066012
2026-09-25 10:06:43.090287,229.9499460825097,3.4088831496001437,783.872496452129,0.0002177423601255914
2026-09-25 10:06:44.090287,232.78041509803464,3.278905153175931,763.264902623378,0.0002120180285064939
2026-09-25 10:06:45.090287,230.02070523968675,2.34408188382492,539.1873680569815,0.0001497742689047171
2026-09-25 10:06:46.090287,227.86977267384924,2.847387647822666,648.8335760236772,0.00018023154889546588
2026-09-25 10:06:47.090287,228.78097559568144,2.906514348507277,664.9551882343412,0.0001847097745095392
2026-09-25 10:06:48.090287,230.1132998497942,3.2648463771783653,751.2845733551595,0.00020869015926532208
2026-09-25 10:06:49.090287,229.85900244388182,3.243250821913101,745.4903986002452,0.00020708066627784586
2026-09-25 10:06:50.090287,230.12894882962024,2.0122667168230643,463.0808243073229,0.00012863356230758972
2026-09-25 10:06:51.090287,228.1213292123625,2.9279562221391924,667.9292652699999,0.0001855359070194444
2026-09-25 10:06:52.090287,227.58061051431778,3.299964364998102,751.0079048617611,0.00020861330690604473
2026-09-25 10:06:53.090287,233.0615016646874,3.6093809258486584,841.2077386581681,0.00023366881629393558
2026-09-25 10:06:54.090287,229.57311425813958,3.745363068424976,859.8346636457433,0.00023884296212381756
2026-09-25 10:06:55.090287,230.29733491440422,2.8314570144409803,652.0770043504535,0.00018113250120845934
2026-09-25 10:06:56.090287,228.77319467291812,2.848765156755936,651.7211057839519,0.0001810336404955422
2026-09-25 10:06:57.090287,229.22364636291755,3.085208111187744,707.2026530349043,0.00019644518139858453
2026-09-25 10:06:58.090287,230.32114796209973,3.001523010076707,691.3142253155243,0.0001920317292543123
2026-09-25 10:06:59.090287,230.8738763394927,3.5953231373931707,830.0661894230278,0.0002305739415063966
2026-09-25 10:07:00.090287,231.89910827088264,2.2575510157750482,523.524067434259,0.00014542335206507194
2026-09-25 10:07:01.090287,224.8921577301961,3.467159955619637,779.737083615031,0.0002165936343375086
2026-09-25 10:07:02.090287,227.26624260316916,2.8876172990536584,656.2579336318367,0.00018229387045328796
2026-09-25 10:07:03.090287,227.6597739478813,2.09900978120999,477.8600923046581,0.0001327389145290717
2026-09-25 10:07:04.090287,231.08292545640958,3.3795775801513233,780.9626740282613,0.00021693407611896146
2026-09-25 10:07:05.090287,228.84697919854656,1.704478853927545,390.0648368291194,0.00010835134356364427
2026-09-25 10:07:06.090287,228.90751110349504,3.1959020027012732,731.5659731690238,0.00020321277032472884
2026-09-25 10:07:07.090287,227.04217686245175,3.0916799598895777,701.9417482553472,0.00019498381895981866
2026-09-25 10:07:08.090287,229.969380301654,3.289645749800544,756.5177944936011,0.00021014383180377805
2026-09-25 10:07:09.090287,230.2391607368283,2.5134655295592223,578.6981940666631,0.00016074949835185088
2026-09-25 10:07:10.090287,232.393143003329,2.920735213486515,678.7588361426303,0.00018854412115073066
2026-09-25 10:07:11.090287,229.94539092098015,2.533366020463402,582.5358399213848,0.00016181551108927355
2026-09-25 10:07:12.090287,229.113435497617,2.5575986429865494,585.9802117186915,0.00016277228103296986
2026-09-25 10:07:13.090287,229.65410788015316,3.8558542400711717,885.5127656194509,0.00024597576822762523
2026-09-25 10:07:14.090287,227.2561977141373,2.1932193010616294,498.42267911252367,0.00013845074419792326
2026-09-25 10:07:15.090287,232.94234065498722,2.8953381614240667,674.4468483098293,0.00018734634675273036
2026-09-25 10:07:16.090287,228.66185452268016,3.519952343698038,804.8788307414478,0.00022357745298373551
2026-09-25 10:07:17.090287,228.78876892052628,3.913004856773468,895.251563961242,0.0002486809899892339
2026-09-25 10:07:18.090287,231.35585174267854,2.7560442959271487,637.6269755247763,0.00017711860431243785
2026-09-25 10:07:19.090287,234.31461642653102,2.6971425384983307,631.9799193559165,0.0001755499775988657
2026-09-25 10:07:20.090287,231.4841907440186,3.149646290203246,729.0933226175988,0.000202525922949333
2026-09-25 10:07:21.090287,232.60348257879758,3.7807555983634265,879.4169189586187,0.0002442824774885052
2026-09-25 10:07:22.090287,230.06400829813154,2.6232910648269083,603.5248573067522,0.00016764579369632005
2026-09-25 10:07:23.090287,230.91994428587824,2.661142315123947,614.5108351452149,0.00017069745420700413
2026-09-25 10:07:24.090287,234.02677449505325,3.0682676655413688,718.0567850541133,0.00019946021807058702
2026-09-25 10:07:25.090287,229.2693568973758,3.0923401529324543,708.9788381707565,0.00019693856615854346
2026-09-25 10:07:26.090287,227.3057474209406,2.5141929807446743,571.4905146486508,0.00015874736518018076
2026-09-25 10:07:27.090287,232.40082781588885,2.671552860514302,620.8710963374297,0.0001724641934270638
2026-09-25 10:07:28.090287,227.90617803463613,3.268326376263643,744.871772984039,0.00020690882582889974
2026-09-25 10:07:29.090287,232.371408309326,3.3594766553325335,780.646321581925,0.00021684620043942363
2026-09-25 10:07:30.090287,231.99209537161164,2.6216024557152697,608.1910469327481,0.00016894195748131893
2026-09-25 10:07:31.090287,227.1563786665163,3.7506668259777434,851.9878937737411,0.0002366633038260392
2026-09-25 10:07:32.090287,229.35464032231573,2.8745834917724764,659.2990628319428,0.00018313862856442857
2026-09-25 10:07:33.090287,232.6563882836981,18.21952126770565,4238.8880144024215,0.0011774688928895616
2026-09-25 10:07:34.090287,228.8332840555453,3.0192959701135167,690.9154123767496,0.00019192094788243044
2026-09-25 10:07:35.090287,232.91123738016222,3.8996357875095,908.268996600801,0.0002522969435002225
2026-09-25 10:07:36.090287,231.4916025021208,3.2967145865968046,763.161742643411,0.00021198937295650305
2026-09-25 10:07:37.090287,228.29252693063017,3.1796047002289205,725.8799916557691,0.0002016333310154914
2026-09-25 10:07:38.090287,231.11364168155,2.8948149207194773,669.0312183215659,0.00018584200508932385
2026-09-25 10:07:39.090287,228.81044749088866,2.3593511632615725,539.8441954540291,0.0001499567209594525
2026-09-25 10:07:40.090287,226.52454048989742,2.0260582433394188,458.9519125782306,0.00012748664238284183
2026-09-25 10:07:41.090287,231.15888514573453,3.0738496626133887,710.5476611153032,0.00019737435030980644
2026-09-25 10:07:42.090287,229.0323777369178,2.8342718511376805,649.1400212188785,0.0001803166725607996
2026-09-25 10:07:43.090287,230.42094108306097,2.917718464495703,672.3034344045235,0.0001867509540012565
2026-09-25 10:07:44.090287,227.31889363999235,3.4565001101371498,785.7277809028886,0.00021825771691746907
2026-09-25 10:07:45.090287,230.6082523413396,3.132949239906924,722.4839488890641,0.0002006899858025178
2026-09-25 10:07:46.090287,231.67512540671675,2.593177321970163,600.7746812692914,0.00016688185590813648
2026-09-25 10:07:47.090287,232.42746287545168,2.929978574028881,681.0074862409666,0.00018916874617804627
2026-09-25 10:07:48.090287,231.77719776066175,3.3672245167438275,780.4458627218828,0.0002167905174227452
2026-09-25 10:07:49.090287,227.92239634399488,3.251450202457068,741.0783217371823,0.00020585508937143952
2026-09-25 10:07:50.090287,230.65254934169337,3.015155828747171,695.4533785630013,0.00019318149404527814
2026-09-25 10:07:51.090287,229.81125649992924,2.957053375141104,679.5641516785338,0.00018876781991070384
2026-09-25 10:07:52.090287,231.625378851288,3.288955256895755,761.8055074034145,0.00021161264094539292
2026-09-25 10:07:53.090287,230.06095770053133,2.2540319267643127,518.5647437589716,0.0001440457621552699
2026-09-25 10:07:54.090287,230.98888682816724,3.3618068095888898,776.54001267829,0.0002157055590773028
2026-09-25 10:07:55.090287,234.60082017089394,3.537716531552519,829.9511998343511,0.0002305419999539864
2026-09-25 10:07:56.090287,226.20164722416905,3.0392146995093214,687.4753712969165,0.00019096538091581015
2026-09-25 10:07:57.090287,233.62275005732997,3.3117744284508186,773.7058495442224,0.00021491829154006176
2026-09-25 10:07:58.090287,230.65730432074642,3.4501143294576178,795.7940708310737,0.00022105390856418713
2026-09-25 10:07:59.090287,228.7552436100184,3.239044998313728,740.9485276530685,0.0002058190354591857
2026-09-25 10:08:00.090287,229.49906392201618,2.9901882570947627,686.245405953853,0.0001906237238760703
2026-09-25 10:08:01.090287,231.6569090313902,2.5366434487539093,587.6309806530563,0.0001632308279591823
2026-09-25 10:08:02.090287,232.57596494760386,2.7885940194572285,648.5599449223821,0.00018015554025621724
2026-09-25 10:08:03.090287,230.5213256663008,2.2997460198625284,530.1405011945089,0.00014726125033180803
2026-09-25 10:08:04.090287,231.4396745817428,3.723251967973289,861.7082238535714,0.00023936339551488097
2026-09-25 10:08:05.090287,228.97071690156372,2.4448883067452,559.8078283396986,0.0001555021745388052
2026-09-25 10:08:06.090287,230.55596612948543,3.7274053224958714,859.3755352842219,0.0002387154264678394
2026-09-25 10:08:07.090287,227.1002868690382,2.446845909385829,555.6794079458545,0.00015435539109607069
2026-09-25 10:08:08.090287,229.09162088337698,2.5898280877346522,593.3079144284281,0.0001648077540078967
2026-09-25 10:08:09.090287,228.36562906678202,1.9529396861681114,445.98429996126464,0.00012388452776701796
2026-09-25 10:08:10.090287,231.17811389481173,3.1693602514348176,732.6867251798874,0.00020352409032774651
2026-09-25 10:08:11.090287,226.6023016003927,3.728597879978123,844.9088613453874,0.00023469690592927428
2026-09-25 10:08:12.090287,233.36218462986096,2.624547225109943,612.4700741158957,0.00017013057614330437
2026-09-25 10:08:13.090287,232.333097181954,2.713501097504527,630.4361141898581,0.00017512114283051614
2026-09-25 10:08:14.090287,230.3622330204221,2.5821189324895455,594.8226832126003,0.00016522852311461118
2026-09-25 10:08:15.090287,234.42850304692456,2.851991386335051,668.5880714012491,0.0001857189087225692
2026-09-25 10:08:16.090287,230.25289804564693,2.6560313062680865,611.5589055681921,0.00016987747376894226
2026-09-25 10:08:17.090287,233.7226311944728,3.943307323044705,921.6401631504414,0.00025601115643067814
2026-09-25 10:08:18.090287,233.26185836252589,3.478220174173811,811.3361016218116,0.0002253711393393921
2026-09-25 10:08:19.090287,228.7504209061319,3.413925047981209,780.9367916676881,0.0002169268865743578
2026-09-25 10:08:20.090287,229.98591440215054,3.656204310871316,840.8754916768243,0.00023357652546578453
2026-09-25 10:08:21.090287,232.23180410673072,2.6753672109620377,621.3053540497065,0.0001725848205693629
2026-09-25 10:08:22.090287,231.89565160567443,3.341017225021963,774.7673664222503,0.00021521315733951396
2026-09-25 10:08:23.090287,224.4528742741731,3.400468319814731,763.2448882606845,0.00021201246896130127
2026-09-25 10:08:24.090287,229.1364084227196,2.5569787728341633,585.8969324203532,0.00016274914789454257
2026-09-25 10:08:25.090287,228.3134787914125,2.9323785521839842,669.501548382451,0.00018597265232845863
2026-09-25 10:08:26.090287,230.96011916017338,2.3172689889039098,535.1967218034215,0.00014866575605650598
2026-09-25 10:08:27.090287,230.37969567242493,3.288379033096536,757.575760900363,0.00021043771136121194
2026-09-25 10:08:28.090287,233.72361156733928,2.461654915387435,575.3468772568443,0.0001598185770157901
2026-09-25 10:08:29.090287,229.3007756264444,3.1308314863482396,717.902088175345,0.00019941724671537363
2026-09-25 10:08:30.090287,232.2948186603832,2.847888059414093,661.5496403266674,0.00018376378897962985
2026-09-25 10:08:31.090287,232.3972827439821,2.0313188417617702,472.07297921208834,0.00013113138311446898
2026-09-25 10:08:32.090287,227.49330361375624,3.1743221721671104,722.1370376806907,0.00020059362157796965
2026-09-25 10:08:33.090287,227.17835100382425,2.4127647366166416,548.1279142247449,0.00015225775395131803
2026-09-25 10:08:34.090287,228.94444627150813,3.385719495957912,775.1416752327337,0.0002153171320090927
2026-09-25 10:08:35.090287,226.20807031738542,3.085149181081197,697.8856428936394,0.00019385712302601095
2026-09-25 10:08:36.090287,232.06592789430562,2.902527395785521,673.5777133416093,0.00018710492037266925
2026-09-25 10:08:37.090287,229.2623395408149,3.200885641279287,733.8425307222909,0.00020384514742285859
2026-09-25 10:08:38.090287,229.6157778945571,3.6952498906203735,848.4876781495741,0.000235691021708215
2026-09-25 10:08:39.090287,227.77717397573113,2.9741779224174576,677.4498420692598,0.0001881805116859055
2026-09-25 10:08:40.090287,230.41137274992136,2.8107729740767704,647.6340594454077,0.0001798983498459466
2026-09-25 10:08:41.090287,224.2574346740851,2.9195475459754037,654.7302430694646,0.00018186951196374018
2026-09-25 10:08:42.090287,231.80035397382494,3.3890545930630087,785.5840543086226,0.00021821779286350628
2026-09-25 10:08:43.090287,230.7095569643404,2.4510688208253884,565.4850017417336,0.00015707916715048157
2026-09-25 10:08:44.090287,230.79061892491697,2.713281089228881,626.1998219004063,0.00017394439497233507
2026-09-25 10:08:45.090287,230.70696581189733,3.0607525057008576,706.1369236914069,0.00019614914546983524
2026-09-25 10:08:46.090287,228.04724945743325,2.553772080321548,582.3806986585163,0.0001617724162940323
2026-09-25 10:08:47.090287,230.71004490884303,2.8894434523557493,666.6236286545574,0.0001851732301818215
2026-09-25 10:08:48.090287,228.31943713868574,2.5385849051365836,579.6082766695487,0.00016100229907487464
2026-09-25 10:08:49.090287,229.39233830402756,3.7840523973591047,868.0326276951663,0.00024112017435976843
2026-09-25 10:08:50.090287,228.9478439355761,2.9929902308712055,685.2386602782046,0.0001903440722995013
2026-09-25 10:08:51.090287,230.20328857537902,2.4344868042540284,560.4268683326424,0.00015567413009240065
2026-09-25 10:08:52.090287,226.4743350323146,2.4866796326321348,563.1691162387631,0.00015643586562187864
2026-09-25 10:08:53.090287,230.4941547556126,3.0436655289577046,701.5471134559007,0.00019487419818219463
2026-09-25 10:08:54.090287,231.40481313830213,3.0483749474795583,705.4086350969887,0.00019594684308249687
2026-09-25 10:08:55.090287,229.78090141706159,2.6979938625374364,619.9474617515519,0.00017220762826431998
2026-09-25 10:08:56.090287,231.76921357972537,2.5404099306396417,588.7888117944744,0.00016355244772068734
2026-09-25 10:08:57.090287,227.77920096540797,3.2835277586940514,747.919329223068,0.00020775536922863
2026-09-25 10:08:58.090287,227.33368537869268,4.207395499329316,956.4827247082583,0.000265689645752294
2026-09-25 10:08:59.090287,230.1599867611183,3.173953058162443,730.5169938470788,0.0002029213871797441
2026-09-25 10:09:00.090287,228.38316035095323,2.842367577879227,649.148890315142,0.00018031913619865055
2026-09-25 10:09:01.090287,229.1464857662353,2.729082506165679,625.3596656539755,0.00017371101823721543
2026-09-25 10:09:02.090287,231.26592350301965,2.7752119808873594,641.8119616765597,0.00017828110046571105
2026-09-25 10:09:03.090287,232.03500245816835,4.331591175059912,1005.080768952807,0.0002791891024868908
2026-09-25 10:09:04.090287,229.4089175197069,3.0761577567883123,705.6980211046565,0.0001960272280846268
2026-09-25 10:09:05.090287,230.758964114331,3.9057524062967586,901.2873793640957,0.0002503576053789155
2026-09-25 10:09:06.090287,229.83470442992362,2.5854915401708185,594.2356839412281,0.00016506546776145223
2026-09-25 10:09:07.090287,227.4673189887486,2.971008026283883,675.8072304328483,0.0001877242306757912
2026-09-25 10:09:08.090287,229.10323956189222,4.0050046446500005,917.5595385497401,0.00025487764959715003
2026-09-25 10:09:09.090287,233.53972484135394,2.4828135860382012,579.8356017157367,0.000161065444921038
2026-09-25 10:09:10.090287,228.57847979290165,3.036885053943443,694.1665689361763,0.00019282404692671566
2026-09-25 10:09:11.090287,232.79445284511752,3.0285065681855254,705.019529478594,0.00019583875818849833
2026-09-25 10:09:12.090287,228.7055187240239,2.9705590950486376,679.3832587334657,0.00018871757187040715
2026-09-25 10:09:13.090287,228.7430302722079,3.301238604719741,755.1353220951892,0.0002097598116931081
2026-09-25 10:09:14.090287,228.5819325766706,2.7447819737865164,627.4075680697304,0.00017427988001936955
2026-09-25 10:09:15.090287,232.3238676269122,2.6158175263429637,607.7168447262596,0.00016881023464618324
2026-09-25 10:09:16.090287,227.10774393487966,3.0474968756781524,692.1101400838596,0.000192252816689961
2026-09-25 10:09:17.090287,229.2790531915908,3.255707750464977,746.4655904951339,0.00020735155291531497
2026-09-25 10:09:18.090287,230.63494386946218,2.984040752678319,688.2240714981518,0.00019117335319393105
2026-09-25 10:09:19.090287,229.87791314906002,2.6320707753385824,605.0549370954617,0.00016807081585985047
2026-09-25 10:09:20.090287,230.16669414198648,3.440642390716384,791.9212847959711,0.00021997813466554753
2026-09-25 10:09:21.090287,228.05310651720106,2.997301311819233,683.543875328458,0.00018987329870234944
2026-09-25 10:09:22.090287,232.07677751146923,3.2527120466083494,754.8789299496017,0.00020968859165266713
2026-09-25 10:09:23.090287,232.61894579270142,2.7159288350828326,631.7765024649682,0.0001754934729069356
2026-09-25 10:09:24.090287,226.33846310321027,3.1003259019778433,701.7229997727392,0.00019492305549242755
2026-09-25 10:09:25.090287,230.72514163005297,3.6842109772363374,850.0400995178499,0.00023612224986606942
2026-09-25 10:09:26.090287,232.37629146941396,3.268371811506231,759.4921207009884,0.00021097003352805232
2026-09-25 10:09:27.090287,231.53078042834088,2.9040892708966806,672.3860553242799,0.00018677390425674443
2026-09-25 10:09:28.090287,227.56177077736157,3.058860608690455,696.079736674718,0.0001933554824096439
2026-09-25 10:09:29.090287,231.96514692725555,3.328180434914274,772.0218635853068,0.00021445051766258525
2026-09-25 10:09:30.090287,231.66761467831873,2.786122156476624,645.454274193353,0.00017929285394259806
2026-09-25 10:09:31.090287,229.46890632396315,3.2417127440573017,743.8722779952825,0.00020663118833202292
2026-09-25 10:09:32.090287,228.9069852109825,2.742141465033499,627.6953357828451,0.00017435981549523475
2026-09-25 10:09:33.090287,230.5959644727549,3.380452371578454,779.5186749783452,0.00021653296527176255
2026-09-25 10:09:34.090287,229.60094265334118,2.4184052694731806,555.2681295888499,0.00015424114710801384
2026-09-25 10:09:35.090287,228.52839216991433,3.101836042446549,708.857603555,0.00019690488987638888
2026-09-25 10:09:36.090287,230.38304192773194,3.120619068827674,718.9377137742058,0.00019970492049283493
2026-09-25 10:09:37.090287,231.04259058119152,3.002905279271225,693.7990149927602,0.00019272194860910004
2026-09-25 10:09:38.090287,230.5301120896806,2.977486588585567,686.4003170121515,0.00019066675472559764
2026-09-25 10:09:39.090287,232.2974669658589,3.716171015608751,863.2571137378561,0.00023979364270496003
2026-09-25 10:09:40.090287,227.62197743523993,2.8723740289488733,653.8154564029696,0.00018161540455638046
2026-09-25 10:09:41.090287,230.0654489830814,2.8665426439928394,659.4924204193619,0.0001831923390053783
2026-09-25 10:09:42.090287,233.58584518266176,3.1119776390448672,726.9139270058396,0.00020192053527939987
2026-09-25 10:09:43.090287,228.3892563458993,3.2982211697803354,753.2782802304329,0.0002092439667306758
2026-09-25 10:09:44.090287,230.54194907769238,3.1520964597767107,726.6904615178169,0.00020185846153272693
2026-09-25 10:09:45.090287,233.61575231759838,3.1753925878774045,741.8217283207055,0.00020606159120019595
2026-09-25 10:09:46.090287,229.392676952252,2.0223617868449493,463.91498405030256,0.00012886527334730628
2026-09-25 10:09:47.090287,229.66920196371296,3.6529849586635943,838.9781402417146,0.0002330494834004763
2026-09-25 10:09:48.090287,229.81766176088763,1.8799750507402484,432.05147032992994,0.00012001429731386944
2026-09-25 10:09:49.090287,229.0032752156151,3.496344269456396,800.6742889868618,0.0002224095247185727
2026-09-25 10:09:50.090287,231.09163434912404,2.580059551744632,596.2301785307354,0.0001656194940363154
2026-09-25 10:09:51.090287,228.86943044720184,2.7946456704487916,639.6089628973534,0.00017766915636037596
2026-09-25 10:09:52.090287,228.67457245627415,1.9851630661302089,453.9563154033118,0.00012609897650091994
2026-09-25 10:09:53.090287,231.52718220123973,3.6285299783445466,840.1033214188383,0.00023336203372745508
2026-09-25 10:09:54.090287,226.96310211207052,3.621926466293157,822.0436664117045,0.00022834546289214017
2026-09-25 10:09:55.090287,229.79395359720556,3.612566174083937,830.1458637742787,0.00023059607327063295
2026-09-25 10:09:56.090287,230.0759008725809,3.067772296079315,705.8204746923943,0.00019606124297010953
2026-09-25 10:09:57.090287,230.74486929396443,2.604966837432361,601.082732418442,0.00016696742567178945
2026-09-25 10:09:58.090287,232.38934828865604,2.439309680962608,566.86958703311,0.00015746377417586387
2026-09-25 10:09:59.090287,229.19586651096665,3.2621323388215844,747.6672480696593,0.00020768534668601647
2026-09-25 10:10:00.090287,228.98160951902906,3.388765620407472,775.965006043654,0.00021554583501212608
2026-09-25 10:10:01.090287,232.7517323463679,3.5062730005269183,816.0911149519376,0.0002266919763755382
2026-09-25 10:10:02.090287,226.12776937264275,3.0629234848096787,692.6120553790943,0.00019239223760530397
2026-09-25 10:10:03.090287,232.05736522139279,19.691524092242414,4569.563198039353,0.0012693231105664869
2026-09-25 10:10:04.090287,230.70126019854712,3.244593565073832,748.5318242946297,0.00020792550674850825
2026-09-25 10:10:05.090287,231.26944293712353,3.5548499209781115,822.1281609496855,0.00022836893359713485
2026-09-25 10:10:06.090287,230.81963731385702,2.8793711726907287,664.6154097724492,0.0001846153916034581
2026-09-25 10:10:07.090287,231.34514740240547,3.949940967447608,913.799675344967,0.0002538332431513797
2026-09-25 10:10:08.090287,229.73473250723487,2.5127353476646794,577.2625829572189,0.00016035071748811636
2026-09-25 10:10:09.090287,232.21416133857394,2.939809418023201,682.6653785014987,0.00018962927180597185
2026-09-25 10:10:10.090287,225.65466090797193,3.423710838575211,772.5763083256375,0.00021460453009045487
2026-09-25 10:10:11.090287,228.92934362809214,2.9547333588479194,676.4251684370822,0.00018789588012141172
2026-09-25 10:10:12.090287,230.66396066113802,3.0952498398895334,713.9625873046731,0.00019832294091796476
2026-09-25 10:10:13.090287,231.41890363427808,2.7822568147150784,643.8668216903623,0.0001788518949139895
2026-09-25 10:10:14.090287,231.02621159635217,2.8702266612080414,663.0975919617404,0.00018419377554492787
2026-09-25 10:10:15.090287,231.47762096177502,3.307683742006527,765.6547634936124,0.0002126818787482257
2026-09-25 10:10:16.090287,228.12912259591081,3.542991058087516,808.2594414466627,0.00022451651151296183
2026-09-25 10:10:17.090287,228.9280731097719,3.4040288991405725,779.2777766902293,0.00021646604908061927
2026-09-25 10:10:18.090287,230.73457462680267,3.919091838397561,904.2699882560353,0.0002511861078488987
2026-09-25 10:10:19.090287,229.5530680352563,2.8253416019409014,648.5658329731798,0.00018015717582588328
2026-09-25 10:10:20.090287,229.96116078822453,2.848410108582862,655.0236949706276,0.0001819510263807299
2026-09-25 10:10:21.090287,231.5998838038841,2.191844695781706,507.63097685920286,0.0001410086046831119
2026-09-25 10:10:22.090287,227.8926351617073,2.4660985392104036,562.0056946690958,0.00015611269296363772
2026-09-25 10:10:23.090287,231.90061518394714,3.8553066862909624,894.0479922736589,0.00024834666452046083
2026-09-25 10:10:24.090287,229.79110156292506,2.915589138404995,669.9764398189833,0.00018610456661638424
2026-09-25 10:10:25.090287,230.14010432622635,3.5809391513040953,824.117709866993,0.00022892158607416472
2026-09-25 10:10:26.090287,228.14529373161886,3.1191844913673927,711.627261986124,0.00019767423944059
2026-09-25 10:10:27.090287,231.95039525956486,3.2505470849699227,753.9656811686,0.0002094349114357222
2026-09-25 10:10:28.090287,230.3791632331975,3.5005230462835706,806.4475702813324,0.00022401321396703678
2026-09-25 10:10:29.090287,224.59353541400154,3.338937659765454,749.9038135336759,0.00020830661487046556
2026-09-25 10:10:30.090287,228.69184863374514,2.0846835515717714,476.7501352253098,0.0001324305931181416
2026-09-25 10:10:31.090287,231.02240519904996,3.6868292725814786,851.740166110037,0.0002365944905861214
2026-09-25 10:10:32.090287,229.72510297074462,3.4764372736014693,798.6249106494322,0.00022184025295817562
2026-09-25 10:10:33.090287,233.2245565159773,3.657457226792024,853.0088396947259,0.00023694689991520166
2026-09-25 10:10:34.090287,233.2799290587428,3.3710637455359462,786.4015114111253,0.00021844486428086813
2026-09-25 10:10:35.090287,230.15086727780317,2.199017094051416,506.10569135464783,0.00014058491426517994
2026-09-25 10:10:36.090287,229.5078750237401,2.578376702341904,591.7577579652088,0.00016437715499033578
2026-09-25 10:10:37.090287,234.34188543499562,2.9120570937838317,682.416949851657,0.0001895602638476825
2026-09-25 10:10:38.090287,230.24640961356897,3.275742688020234,754.2279927345602,0.00020950777575960006
2026-09-25 10:10:39.090287,230.08720489274492,3.8475255202153766,885.2663926998604,0.0002459073313055168
2026-09-25 10:10:40.090287,228.7547012765311,3.0973037276186215,708.522788974084,0.00019681188582613445
2026-09-25 10:10:41.090287,228.5150588286039,2.339988744389647,534.7226655824712,0.00014853407377290865
2026-09-25 10:10:42.090287,228.77646181818943,2.981481601475794,682.0928117616613,0.00018947022548935038
2026-09-25 10:10:43.090287,229.14139555096548,2.653789510063072,608.0930318343653,0.00016891473106510148
2026-09-25 10:10:44.090287,227.18736507265632,2.9584472136856528,672.1218271837853,0.0001867005075510515
2026-09-25 10:10:45.090287,226.990559251938,3.380027981844801,767.2344418861508,0.00021312067830170855
2026-09-25 10:10:46.090287,230.164879505869,2.271224250267535,522.7560558936349,0.00014521001552600968
2026-09-25 10:10:47.090287,229.38158184590029,2.6239217972047086,601.8793324827536,0.00016718870346743155
2026-09-25 10:10:48.090287,230.63834902083835,3.670225223011572,846.4946859700273,0.00023513741276945204
2026-09-25 10:10:49.090287,226.2496550607085,3.0575130395737085,691.7612705471699,0.00019215590848532498
2026-09-25 10:10:50.090287,229.67973440886672,3.3356700382252327,766.1358084551857,0.00021281550234866268
2026-09-25 10:10:51.090287,230.42639325647536,2.6240153341305903,604.642389293397,0.00016795621924816582
2026-09-25 10:10:52.090287,229.36189212866677,2.6019870715982556,596.7966780361046,0.00016577685501002905
2026-09-25 10:10:53.090287,232.1520142771972,3.010655824335971,698.9298139149712,0.00019414717053193646
2026-09-25 10:10:54.090287,233.80238137150602,2.9696695930926897,694.3158227516221,0.00019286550631989505
2026-09-25 10:10:55.090287,228.5831864661791,2.2431428036935865,512.7447297669588,0.000142429091601933
2026-09-25 10:10:56.090287,226.39372064748812,2.2079320284972552,499.8619468682494,0.00013885054079673594
2026-09-25 10:10:57.090287,230.53425330202296,3.254362511614967,750.2420315892524,0.00020840056433034788
2026-09-25 10:10:58.090287,226.83761859593574,3.447519157038058,782.0270356463809,0.0002172297321239947
2026-09-25 10:10:59.090287,229.03387789663313,3.0733965059927746,703.911920081488,0.00019553108891152442
2026-09-25 10:11:00.090287,233.22444125651086,3.448419657932766,804.2557479393377,0.0002234043744275938
2026-09-25 10:11:01.090287,229.46293870418833,2.5544038872923562,586.1410226155064,0.00016281695072652955
2026-09-25 10:11:02.090287,225.6963691973414,2.64042334037879,595.9339610674087,0.00016553721140761353
2026-09-25 10:11:03.090287,229.57773952234461,2.506410236424408,575.4159963939809,0.0001598377767761058
2026-09-25 10:11:04.090287,229.7374860658154,3.038425941479384,698.0403373926321,0.00019390009372017558
2026-09-25 10:11:05.090287,229.55028803638385,2.6749987095882704,614.0467242829426,0.0001705685345230396
2026-09-25 10:11:06.090287,230.33730934393344,3.2209703247847044,741.9096380875642,0.00020608601057987892
2026-09-25 10:11:07.090287,227.81920184511432,3.705466189873135,844.1763498409545,0.00023449343051137623
2026-09-25 10:11:08.090287,229.80282373543147,3.009424811472424,691.5743194958316,0.000192103977637731
2026-09-25 10:11:09.090287,231.41642884651313,3.116608065631751,721.2343086627391,0.0002003428635174275
2026-09-25 10:11:10.090287,231.9062732678265,3.143562082600912,729.0117673620249,0.00020250326871167358
2026-09-25 10:11:11.090287,228.77512525071913,3.180751762603051,727.6768828809586,0.00020213246746693294
2026-09-25 10:11:12.090287,227.71254758535866,3.0542798528882615,695.4978463398205,0.00019319384620550568
2026-09-25 10:11:13.090287,229.93354001871108,2.89594157136373,665.8740971910113,0.00018496502699750315
2026-09-25 10:11:14.090287,229.74292497712213,2.0590754772511803,473.05802289234987,0.00013140500635898608
2026-09-25 10:11:15.090287,228.90255018451808,3.0464224505705575,697.3338678749695,0.00019370385218749154
2026-09-25 10:11:16.090287,230.3197127839948,2.486162429537021,572.6122167053253,0.00015905894908481257
2026-09-25 10:11:17.090287,232.5314156817294,2.56691257589275,596.8878152035758,0.00016580217088988216
2026-09-25 10:11:18.090287,231.93891440105347,3.2135971809358423,745.3582414685451,0.00020704395596348477
2026-09-25 10:11:19.090287,228.70754538031238,3.887655446304756,889.1361344087635,0.0002469822595579899
2026-09-25 10:11:20.090287,227.61272633648704,3.459577086805001,787.4437726989278,0.0002187343813052577
2026-09-25 10:11:21.090287,232.00116463608595,2.6646898954616773,618.2111591411192,0.00017172532198364424
2026-09-25 10:11:22.090287,232.78493060012866,2.8749767427005235,669.2512615265254,0.0001859031282018126
2026-09-25 10:11:23.090287,230.57738725855972,3.1301609193856104,721.7443264907853,0.00020048453513632922
2026-09-25 10:11:24.090287,229.7313825170589,3.4054041365798913,782.3282003258097,0.0002173133889793916
2026-09-25 10:11:25.090287,231.58697744110444,2.1257340133809097,492.29231500263313,0.00013674786527850921
2026-09-25 10:11:26.090287,232.6086804857563,2.168754005982163,504.471007629709,0.00014013083545269693
2026-09-25 10:11:27.090287,232.0650924086833,3.5633525684137917,826.9297430736656,0.00022970270640935156
2026-09-25 10:11:28.090287,227.8180671395696,2.7945928560227076,636.6587429011428,0.00017684965080587298
2026-09-25 10:11:29.090287,227.78859066302812,2.8925394848556323,658.8874926924259,0.00018302430352567386
2026-09-25 10:11:30.090287,229.38393143162853,3.3898302661346698,777.5725933318942,0.00021599238703663725
2026-09-25 10:11:31.090287,232.6206174922392,3.697841905394978,860.1942674216582,0.0002389428520615717
2026-09-25 10:11:32.090287,228.8756639468434,2.895389063127736,662.6840942077895,0.0001840789150577193
2026-09-25 10:11:33.090287,226.6331236155581,2.5970649667519057,588.5809456475199,0.0001634947071243111
2026-09-25 10:11:34.090287,231.9297032661949,3.807791411774116,883.1399322323362,0.0002453166478423156
2026-09-25 10:11:35.090287,227.53130225624017,2.703767870423553,615.1918245560522,0.00017088661793223674
2026-09-25 10:11:36.090287,229.94718848608215,3.1400805794098035,722.0527008550322,0.00020057019468195338
2026-09-25 10:11:37.090287,228.3807929601567,3.2120305222320447,733.5660776795805,0.0002037683549109946
2026-09-25 10:11:38.090287,229.05232130585816,2.9927738645608604,685.501800821169,0.00019041716689476915
2026-09-25 10:11:39.090287,231.0925684960074,3.003211134905469,694.0197749011141,0.00019278327080586504
2026-09-25 10:11:40.090287,229.12722821894687,2.9451950980370847,674.8243893772667,0.00018745121927146298
2026-09-25 10:11:41.090287,229.82327408158932,2.814994485058936,646.9512490778623,0.00017970868029940619
2026-09-25 10:11:42.090287,229.4824078746658,3.7993235852523584,871.8779246387193,0.00024218831239964425
2026-09-25 10:11:43.090287,231.1218388958825,2.8522598409854196,659.2195394574276,0.00018311653873817434
2026-09-25 10:11:44.090287,231.39390880902147,2.833090255121995,655.5598281414262,0.00018209995226150727
2026-09-25 10:11:45.090287,232.34624927517328,3.184821096099047,739.9812362910598,0.00020555034341418325
2026-09-25 10:11:46.090287,229.78539571199155,3.223858462905139,740.7955926181102,0.0002057765535050306
2026-09-25 10:11:47.090287,226.858247695863,2.4366162655450974,552.7664963087984,0.00015354624897466622
2026-09-25 10:11:48.090287,227.6121499872019,3.0714715473818535,699.1042425241016,0.00019419562292336153
2026-09-25 10:11:49.090287,233.46502999897018,4.115650073096316,960.8603677806952,0.0002669056577168598
2026-09-25 10:11:50.090287,231.2761022028815,3.2504222374722285,751.7449855961459,0.00020881805155448496
2026-09-25 10:11:51.090287,226.39788453169453,2.728663100132989,617.763553469804,0.00017160098707494557
2026-09-25 10:11:52.090287,228.42443249618353,2.689576200874442,614.3649173399857,0.00017065692148332935
2026-09-25 10:11:53.090287,229.6637123628304,2.7639547111514364,634.7800997657735,0.00017632780549049263
2026-09-25 10:11:54.090287,226.04140037924842,3.3739551280587667,762.65354196315,0.00021184820610087502
2026-09-25 10:11:55.090287,227.85451394852038,3.1196234320555747,710.820280813438,0.00019745007800373276
2026-09-25 10:11:56.090287,234.14816533949994,2.5403077042067883,594.8083883378166,0.00016522455231606016
2026-09-25 10:11:57.090287,224.93942495450733,2.8569978890599446,642.6514622613853,0.000178514295072607
2026-09-25 10:11:58.090287,232.20191926999715,3.9791737271102967,923.9717765437588,0.00025665882681771075
2026-09-25 10:11:59.090287,227.54090081109516,3.248349611618261,739.1323967769902,0.00020531455466027505
2026-09-25 10:12:00.090287,229.06937908643988,2.947025822847932,675.0733753914803,0.000187520382053189
2026-09-25 10:12:01.090287,235.28868669403408,2.2485148358024234,529.0501027280039,0.00014695836186888998
2026-09-25 10:12:02.090287,230.50747932298916,3.233846585882717,745.4258250290794,0.00020706272917474428
2026-09-25 10:12:03.090287,232.1715726498787,3.048991576735448,707.8891693669023,0.00019663588037969508
2026-09-25 10:12:04.090287,230.61610107900822,2.8041757162891043,646.6880704310283,0.00017963557511973012
2026-09-25 10:12:05.090287,230.5382538824902,2.8284038622512946,652.0552876779049,0.00018112646879941803
2026-09-25 10:12:06.090287,231.2431437797121,2.815194831978183,650.9945032990335,0.00018083180647195373
2026-09-25 10:12:07.090287,230.75420078780436,2.985368593157511,688.8863437710733,0.000191357317714187
2026-09-25 10:12:08.090287,232.25210050154433,2.974303138205757,690.7881513766222,0.00019188559760461728
2026-09-25 10:12:09.090287,226.45393506358624,3.630960750356996,822.2453499797736,0.00022840148610549265
2026-09-25 10:12:10.090287,228.18853539827475,2.67311683067559,609.9746145403409,0.00016943739292787246
2026-09-25 10:12:11.090287,228.808677411913,3.6872190465854087,843.6677133772222,0.00023435214260478395
2026-09-25 10:12:12.090287,225.72865157204262,4.568874266829997,1031.3258274537402,0.00028647939651492785
2026-09-25 10:12:13.090287,232.1121136181321,3.1116194570645797,722.2445689545642,0.00020062349137626783
2026-09-25 10:12:14.090287,229.89021199876743,3.1427770374288286,722.4936793993717,0.0002006926887220477
2026-09-25 10:12:15.090287,231.04224485675869,3.3226077929750284,767.6627632675111,0.00021323965646319752
2026-09-25 10:12:16.090287,231.1112089320069,3.044790340627624,703.6851765669472,0.00019546810460192979
2026-09-25 10:12:17.090287,229.60532315938534,2.924363358173244,671.449393888833,0.00018651372052467586
2026-09-25 10:12:18.090287,229.61018343929464,3.5668850484335324,818.9931302777007,0.00022749809174380575
2026-09-25 10:12:19.090287,231.18711344456173,1.5298056826678599,353.6713599070697,9.824204441863048e-05
2026-09-25 10:12:20.090287,231.31180155305952,3.0973680973593876,716.4577946731722,0.00019901605407588116
2026-09-25 10:12:21.090287,229.9625824871082,2.805740773455557,645.2153940532163,0.00017922649834811562
2026-09-25 10:12:22.090287,232.24822543997203,3.473763231061429,806.7753460126404,0.000224104262781289
2026-09-25 10:12:23.090287,228.45424466435279,3.2035261435622675,731.8591453900248,0.00020329420705278464
2026-09-25 10:12:24.090287,228.05668653091743,2.3101909176055346,526.8544859229379,0.0001463484683119272
2026-09-25 10:12:25.090287,228.74656555082007,3.4311967361913793,784.8744691329612,0.000218020685870267
2026-09-25 10:12:26.090287,231.90625009075217,3.2565427100486466,755.2126081477572,0.0002097812800410437
2026-09-25 10:12:27.090287,231.450191573696,3.2580891435574793,754.0853564405577,0.0002094681545668216
2026-09-25 10:12:28.090287,228.7170368095541,3.2159612723369704,735.5451327031952,0.00020431809241755423
2026-09-25 10:12:29.090287,231.60081905045536,3.377145664906787,782.1497020451066,0.00021726380612364072
2026-09-25 10:12:30.090287,232.37782674294928,3.354151923600532,779.4305345719745,0.00021650848182554848
2026-09-25 10:12:31.090287,230.70289641508316,3.535075119158214,815.5520690346951,0.00022654224139852643
2026-09-25 10:12:32.090287,229.94695748150187,2.559062674386141,588.4486759795684,0.0001634579655498801
